song title,artist,energy,song and artist
Chop Suey!,System Of A Down,93,"Chop Suey! by, System Of A Down"
Just Pretend,Bad Omens,83,"Just Pretend by, Bad Omens"
Monster,Skillet,96,"Monster by, Skillet"
Popular Monster,Falling In Reverse,90,"Popular Monster by, Falling In Reverse"
Watch The World Burn,Falling In Reverse,78,"Watch The World Burn by, Falling In Reverse"
Bodies,Drowning Pool,93,"Bodies by, Drowning Pool"
THE DEATH OF PEACE OF MIND,Bad Omens,71,"THE DEATH OF PEACE OF MIND by, Bad Omens"
Voices In My Head,Falling In Reverse,90,"Voices In My Head by, Falling In Reverse"
Animal I Have Become,Three Days Grace,85,"Animal I Have Become by, Three Days Grace"
The Summoning,Sleep Token,70,"The Summoning by, Sleep Token"
FEEL NOTHING,The Plot In You,83,"FEEL NOTHING by, The Plot In You"
Lost,Linkin Park,80,"Lost by, Linkin Park"
I Am Machine,Three Days Grace,97,"I Am Machine by, Three Days Grace"
Time of Dying,Three Days Grace,87,"Time of Dying by, Three Days Grace"
DiE4u,Bring Me The Horizon,92,"DiE4u by, Bring Me The Horizon"
Parasite Eve,Bring Me The Horizon,80,"Parasite Eve by, Bring Me The Horizon"
There’s Fear In Letting Go,I Prevail,87,"There’s Fear In Letting Go by, I Prevail"
Self-Destruction,I Prevail,98,"Self-Destruction by, I Prevail"
Bad Man - Kordhell Remix,Disturbed,96,"Bad Man - Kordhell Remix by, Disturbed"
Misery,Memphis May Fire,90,"Misery by, Memphis May Fire"
You Asked for It,Emmure,78,"You Asked for It by, Emmure"
Waiting On The Sky To Change,STARSET,93,"Waiting On The Sky To Change by, STARSET"
Do Or Die,Magnolia Park,94,"Do Or Die by, Magnolia Park"
Judgment Day,Five Finger Death Punch,93,"Judgment Day by, Five Finger Death Punch"
War,Story Of The Year,82,"War by, Story Of The Year"
Manic,Wage War,87,"Manic by, Wage War"
Enemies,The Score,83,"Enemies by, The Score"
Better Days,Currents,98,"Better Days by, Currents"
Smells Like Teen Spirit,Witchz,50,"Smells Like Teen Spirit by, Witchz"
Never There,Currents,56,"Never There by, Currents"
I Am The Weapon,Three Days Grace,83,"I Am The Weapon by, Three Days Grace"
All of This Is Fleeting,Polaris,95,"All of This Is Fleeting by, Polaris"
Dad Vibes,Limp Bizkit,89,"Dad Vibes by, Limp Bizkit"
deep fake,Architects,86,"deep fake by, Architects"
Hunted,Egypt Central,94,"Hunted by, Egypt Central"
Survivor,All Good Things,90,"Survivor by, All Good Things"
Can You Feel My Heart - Remix,Bring Me The Horizon,88,"Can You Feel My Heart - Remix by, Bring Me The Horizon"
The Optimist,10 Years,91,"The Optimist by, 10 Years"
FWYTYK,I Prevail,87,"FWYTYK by, I Prevail"
Detonate,G2,81,"Detonate by, G2"
NOT JUST BREATHING,The Plot In You,83,"NOT JUST BREATHING by, The Plot In You"
Remember Me,Currents,92,"Remember Me by, Currents"
Visceral,I Prevail,95,"Visceral by, I Prevail"
Pick Up Behind You,Five Finger Death Punch,98,"Pick Up Behind You by, Five Finger Death Punch"
FEEL NOTHING - RESET,The Plot In You,89,"FEEL NOTHING - RESET by, The Plot In You"
TIRED OF WINNING,NOTHING MORE,95,"TIRED OF WINNING by, NOTHING MORE"
Cut The Line (feat. Beartooth),Papa Roach,94,"Cut The Line (feat. Beartooth) by, Papa Roach"
Guiding Light,Caskets,89,"Guiding Light by, Caskets"
HEAVYWEIGHT,Ryan Oakes,92,"HEAVYWEIGHT by, Ryan Oakes"
RISE,YMIR,73,"RISE by, YMIR"
Giant Steps - 2020 Remaster,John Coltrane,42,"Giant Steps - 2020 Remaster by, John Coltrane"
This I Dig Of You - Remastered 1999/Rudy Van Gelder Edition,Hank Mobley,67,"This I Dig Of You - Remastered 1999/Rudy Van Gelder Edition by, Hank Mobley"
Move,Miles Davis,41,"Move by, Miles Davis"
Cherokee,Clifford Brown,66,"Cherokee by, Clifford Brown"
Boogie Stop Shuffle,Charles Mingus,54,"Boogie Stop Shuffle by, Charles Mingus"
Yes Or No - Rudy Van Gelder 24 Bit Mastering/1999 Digital Remaster,Wayne Shorter,68,"Yes Or No - Rudy Van Gelder 24 Bit Mastering/1999 Digital Remaster by, Wayne Shorter"
Leap Frog - Take 11 / Take 6 / Master Take,Dizzy Gillespie,73,"Leap Frog - Take 11 / Take 6 / Master Take by, Dizzy Gillespie"
Bloomdido - Master Take,Charlie Parker,60,"Bloomdido - Master Take by, Charlie Parker"
Daahoud,Clifford Brown,64,"Daahoud by, Clifford Brown"
Without a Song - Remastered,Sonny Rollins,28,"Without a Song - Remastered by, Sonny Rollins"
Funkallero,Stan Getz,56,"Funkallero by, Stan Getz"
With A Song In My Heart - Remastered 1998,Sonny Clark,49,"With A Song In My Heart - Remastered 1998 by, Sonny Clark"
Matrix,Chick Corea,63,"Matrix by, Chick Corea"
Seven Steps to Heaven,Miles Davis,44,"Seven Steps to Heaven by, Miles Davis"
Lazy Bird - Remastered 2003/Rudy Van Gelder Edition,John Coltrane,54,"Lazy Bird - Remastered 2003/Rudy Van Gelder Edition by, John Coltrane"
Strode Rode - Rudy Van Gelder Remaster,Sonny Rollins,54,"Strode Rode - Rudy Van Gelder Remaster by, Sonny Rollins"
Au Privave,Sonny Stitt,51,"Au Privave by, Sonny Stitt"
I Could Write A Book,Miles Davis Quintet,60,"I Could Write A Book by, Miles Davis Quintet"
Nica's Dream - Remastered 2005,Horace Silver,56,"Nica's Dream - Remastered 2005 by, Horace Silver"
Minors Holiday - Rudy Van Gelder Edition/2007 Digital Remaster,Kenny Dorham,81,"Minors Holiday - Rudy Van Gelder Edition/2007 Digital Remaster by, Kenny Dorham"
Locomotion - Remastered 2003/Rudy Van Gelder Edition,John Coltrane,70,"Locomotion - Remastered 2003/Rudy Van Gelder Edition by, John Coltrane"
Mr. P.C. - 2020 Remaster,John Coltrane,49,"Mr. P.C. - 2020 Remaster by, John Coltrane"
Scrapple From The Apple - Rudy Van Gelder Edition / 2003 Remaster,Dexter Gordon,60,"Scrapple From The Apple - Rudy Van Gelder Edition / 2003 Remaster by, Dexter Gordon"
Ande - Remastered 2007 / Rudy Van Gelder Edition,Louis Smith,73,"Ande - Remastered 2007 / Rudy Van Gelder Edition by, Louis Smith"
Ornithology,Charlie Parker,41,"Ornithology by, Charlie Parker"
Minority,Bill Evans,42,"Minority by, Bill Evans"
Now's the Time - Remastered Version,Sonny Stitt,35,"Now's the Time - Remastered Version by, Sonny Stitt"
Salt Peanuts,Dizzy Gillespie Quintet,61,"Salt Peanuts by, Dizzy Gillespie Quintet"
Airegin,Wes Montgomery,41,"Airegin by, Wes Montgomery"
Limehouse Blues,The Cannonball Adderley Quintet,51,"Limehouse Blues by, The Cannonball Adderley Quintet"
The Blues Walk,Clifford Brown,71,"The Blues Walk by, Clifford Brown"
One Finger Snap - Remastered,Herbie Hancock,80,"One Finger Snap - Remastered by, Herbie Hancock"
Alamode,Art Blakey & The Jazz Messengers,43,"Alamode by, Art Blakey & The Jazz Messengers"
52nd Street Theme - Remastered 1998/Rudy Van Gelder Edition,Bud Powell,59,"52nd Street Theme - Remastered 1998/Rudy Van Gelder Edition by, Bud Powell"
Impressions - Live At The Half Note /1965,Wes Montgomery,63,"Impressions - Live At The Half Note /1965 by, Wes Montgomery"
Donna Lee,Lee Konitz,42,"Donna Lee by, Lee Konitz"
Nutville,Horace Silver Quintet,62,"Nutville by, Horace Silver Quintet"
Arietis - Remastered 2003/Rudy Van Gelder Edition,Freddie Hubbard,48,"Arietis - Remastered 2003/Rudy Van Gelder Edition by, Freddie Hubbard"
Wee (Allen's Alley),Stan Getz,37,"Wee (Allen's Alley) by, Stan Getz"
Super Jet,Tadd Dameron,64,"Super Jet by, Tadd Dameron"
Hora Decubitus,Charles Mingus,73,"Hora Decubitus by, Charles Mingus"
The Natives Are Restless Tonight - Rudy Van Gelder Edition/1999 Digital Remaster,Horace Silver,80,"The Natives Are Restless Tonight - Rudy Van Gelder Edition/1999 Digital Remaster by, Horace Silver"
Easy To Love,Cannonball Adderley Sextet,58,"Easy To Love by, Cannonball Adderley Sextet"
Toy,Cannonball Adderley,42,"Toy by, Cannonball Adderley"
A Night In Tunisia,McCoy Tyner,50,"A Night In Tunisia by, McCoy Tyner"
Open Sesame - Remastered 2002/Rudy Van Gelder Edition,Freddie Hubbard,67,"Open Sesame - Remastered 2002/Rudy Van Gelder Edition by, Freddie Hubbard"
Steps-What Was - Digitally Remastered,Chick Corea,63,"Steps-What Was - Digitally Remastered by, Chick Corea"
The Bridge - Remastered,Sonny Rollins,51,"The Bridge - Remastered by, Sonny Rollins"
Grand Central,The Cannonball Adderley Quintet,42,"Grand Central by, The Cannonball Adderley Quintet"
Humph - Rudy Van Gelder 24-Bit Mastering / 1998 Digital Remaster,Thelonious Monk,66,"Humph - Rudy Van Gelder 24-Bit Mastering / 1998 Digital Remaster by, Thelonious Monk"
Blues And The Abstract Truth,Oliver Nelson,61,"Blues And The Abstract Truth by, Oliver Nelson"
Vendetta,Cory Weeds,65,"Vendetta by, Cory Weeds"
The Eternal Triangle,Dizzy Gillespie,67,"The Eternal Triangle by, Dizzy Gillespie"
Four By Five,McCoy Tyner,72,"Four By Five by, McCoy Tyner"
Just One Of Those Things,Lee Morgan,46,"Just One Of Those Things by, Lee Morgan"
The Way You Look Tonight - Remastered 2009,Johnny Griffin,86,"The Way You Look Tonight - Remastered 2009 by, Johnny Griffin"
Be-Bop - Remastered 2001/Rudy Van Gelder Edition,Sonny Clark Trio,53,"Be-Bop - Remastered 2001/Rudy Van Gelder Edition by, Sonny Clark Trio"
Our Man Higgins,Lee Morgan,64,"Our Man Higgins by, Lee Morgan"
A Shade Of Jade - Rudy Van Gelder Edition/2003 Digital Remaster/24 Bit Mastering,Joe Henderson,65,"A Shade Of Jade - Rudy Van Gelder Edition/2003 Digital Remaster/24 Bit Mastering by, Joe Henderson"
Roll Call - Rudy Van Gelder Edition,Hank Mobley,68,"Roll Call - Rudy Van Gelder Edition by, Hank Mobley"
Cranky Spanky,Art Blakey & The Jazz Messengers,57,"Cranky Spanky by, Art Blakey & The Jazz Messengers"
Moose The Mooche,Art Blakey,72,"Moose The Mooche by, Art Blakey"
In 'N Out - Remastered 2003 / Rudy Van Gelder Edition,Joe Henderson,65,"In 'N Out - Remastered 2003 / Rudy Van Gelder Edition by, Joe Henderson"
The Surrey With The Fringe On Top - Remastered 2003/Rudy Van Gelder Edition,McCoy Tyner,61,"The Surrey With The Fringe On Top - Remastered 2003/Rudy Van Gelder Edition by, McCoy Tyner"
Philly Mignon - Rudy Van Gelder 24-Bit Remastering/2006,Freddie Hubbard,69,"Philly Mignon - Rudy Van Gelder 24-Bit Remastering/2006 by, Freddie Hubbard"
So Far So Good,Sun Of They,7,"So Far So Good by, Sun Of They"
Apricity,Imala Zir,24,"Apricity by, Imala Zir"
Solatium,Imber Sun,11,"Solatium by, Imber Sun"
efflorescence,Far & Beyond,21,"efflorescence by, Far & Beyond"
Gather My Thoughts,Josef Briem,5,"Gather My Thoughts by, Josef Briem"
Infinite Sustain,Amaranth Cove,21,"Infinite Sustain by, Amaranth Cove"
Augury,Lynx XII,6,"Augury by, Lynx XII"
Fresh Paint,Shape Of Our Dreams,10,"Fresh Paint by, Shape Of Our Dreams"
mind reader,Haltura Arnadottir,6,"mind reader by, Haltura Arnadottir"
emotions,Josef Briem,6,"emotions by, Josef Briem"
Orange Sky,Auðura,11,"Orange Sky by, Auðura"
The End Is The Beginning,Search For Atlantis,2,"The End Is The Beginning by, Search For Atlantis"
Prism,Lifou,11,"Prism by, Lifou"
the echoing truth,Tall Towers,5,"the echoing truth by, Tall Towers"
Desert Sunset,Tranquil Oasis,10,"Desert Sunset by, Tranquil Oasis"
Hovering Above,Auðura,4,"Hovering Above by, Auðura"
pull me in,Sun Of They,19,"pull me in by, Sun Of They"
Mastermind,Josef Briem,10,"Mastermind by, Josef Briem"
Bridges,Woven Hearts,11,"Bridges by, Woven Hearts"
In The Distance,Flovia,16,"In The Distance by, Flovia"
Vision,William Reed,2,"Vision by, William Reed"
Dreamshaper,Agnes Lundh,7,"Dreamshaper by, Agnes Lundh"
Spaces,William Reed,12,"Spaces by, William Reed"
Mind over matter,Josef Briem,12,"Mind over matter by, Josef Briem"
Wish I Knew,Spaced Out Dreams,9,"Wish I Knew by, Spaced Out Dreams"
Good deeds,Joy Parade,2,"Good deeds by, Joy Parade"
Afloat,GLADE,15,"Afloat by, GLADE"
Sightings,Agnes Lundh,5,"Sightings by, Agnes Lundh"
Relentless,Silver Falls,7,"Relentless by, Silver Falls"
Seeing Sound,San Bernadino 5,10,"Seeing Sound by, San Bernadino 5"
Infra,Tiger Throws,3,"Infra by, Tiger Throws"
Tide,Nomad Spector,21,"Tide by, Nomad Spector"
Whispering,Space Access,14,"Whispering by, Space Access"
Tell A Story,BBG's,18,"Tell A Story by, BBG's"
Peaches,Tranquil Oasis,17,"Peaches by, Tranquil Oasis"
Steady figures,Imber Sun,19,"Steady figures by, Imber Sun"
circumstances,Garden Collective,10,"circumstances by, Garden Collective"
Echoed Memory,Equanimity Seekers,13,"Echoed Memory by, Equanimity Seekers"
Unperturbed,Gate.74,13,"Unperturbed by, Gate.74"
bounce back,Far & Beyond,11,"bounce back by, Far & Beyond"
Keep It Together,Naómi Sun,6,"Keep It Together by, Naómi Sun"
Chasing the Horizon,Dance Of Centuries,14,"Chasing the Horizon by, Dance Of Centuries"
Pyramids,Humasnó,9,"Pyramids by, Humasnó"
Crystals,Sun Of They,19,"Crystals by, Sun Of They"
Daydreams Again,Sisters Of Marks,15,"Daydreams Again by, Sisters Of Marks"
The inner circle,Dreams Ahead,13,"The inner circle by, Dreams Ahead"
Distance,Ben Tofft,7,"Distance by, Ben Tofft"
Sounds from Home,Haltura Arnadottir,6,"Sounds from Home by, Haltura Arnadottir"
The Narrator,Dance Of Centuries,9,"The Narrator by, Dance Of Centuries"
What You Were Looking For,Broken Legacy,9,"What You Were Looking For by, Broken Legacy"
Upside,Wimmel,3,"Upside by, Wimmel"
blue dream mountain,bonecatcher,5,"blue dream mountain by, bonecatcher"
river song,Spaced Out Dreams,13,"river song by, Spaced Out Dreams"
Breaking the Barrier,Dreams Ahead,7,"Breaking the Barrier by, Dreams Ahead"
Blue Hour,Pireas,17,"Blue Hour by, Pireas"
Canvas,Philó,4,"Canvas by, Philó"
Icicles,Joy Parade,10,"Icicles by, Joy Parade"
Simple Thing,Sisters Of Marks,19,"Simple Thing by, Sisters Of Marks"
Summer Vibes,Serenity Within,13,"Summer Vibes by, Serenity Within"
Open to it,Far & Beyond,11,"Open to it by, Far & Beyond"
Sharing is Caring,Imber Sun,10,"Sharing is Caring by, Imber Sun"
Cherubim,Miller & Bronx,4,"Cherubim by, Miller & Bronx"
Chatoyant,Sometimes We Fall,7,"Chatoyant by, Sometimes We Fall"
Victory Laps,Josef Briem,4,"Victory Laps by, Josef Briem"
Sunday on my mind,Joy Parade,9,"Sunday on my mind by, Joy Parade"
Observations From A Faraway Place,Rannar Sillard,12,"Observations From A Faraway Place by, Rannar Sillard"
Places,June Wysh,11,"Places by, June Wysh"
Nowhere,Nomad Spector,10,"Nowhere by, Nomad Spector"
Under the Horizon,Hers Lake,2,"Under the Horizon by, Hers Lake"
Memories of Tomorrow,Imber Sun,7,"Memories of Tomorrow by, Imber Sun"
Effortless,Space Access,22,"Effortless by, Space Access"
retrospect,Isaak Young,10,"retrospect by, Isaak Young"
Once I Dreamed,Tim Gourolis,13,"Once I Dreamed by, Tim Gourolis"
One Step,Sounds of Ellinia,22,"One Step by, Sounds of Ellinia"
Epoque,ARCADIA,18,"Epoque by, ARCADIA"
Winter Sun,Sun Of They,22,"Winter Sun by, Sun Of They"
Progress,Ever So Blue,2,"Progress by, Ever So Blue"
Feel the Breeze,Far & Beyond,5,"Feel the Breeze by, Far & Beyond"
Tempestade,Philó,4,"Tempestade by, Philó"
Junifer,The Aiko,13,"Junifer by, The Aiko"
sox,Stones Sailing,7,"sox by, Stones Sailing"
Fill Up The Sky,Eroded Sky,12,"Fill Up The Sky by, Eroded Sky"
Dig Deeper,Dreams Ahead,5,"Dig Deeper by, Dreams Ahead"
phosphorescence,Garden Collective,12,"phosphorescence by, Garden Collective"
Wheel of Zodiac,Spaced Out Dreams,6,"Wheel of Zodiac by, Spaced Out Dreams"
daffodils,Tall Towers,7,"daffodils by, Tall Towers"
Midnight Land,Akustique,12,"Midnight Land by, Akustique"
Fox Mountain,Alderville,10,"Fox Mountain by, Alderville"
Feathers In The Sky,Agnes Lundh,11,"Feathers In The Sky by, Agnes Lundh"
World Above,Echo Ark,31,"World Above by, Echo Ark"
Am I Dreaming,Josef Briem,5,"Am I Dreaming by, Josef Briem"
lone cowboy,Astronaut In The Desert,1,"lone cowboy by, Astronaut In The Desert"
Dreamscapes,Agnes Lundh,20,"Dreamscapes by, Agnes Lundh"
Second Chances,Spaced Out Dreams,13,"Second Chances by, Spaced Out Dreams"
save the date,Shape Of Our Dreams,4,"save the date by, Shape Of Our Dreams"
center of mass,Far & Beyond,8,"center of mass by, Far & Beyond"
The Object at Hand,Joy Parade,12,"The Object at Hand by, Joy Parade"
In Due Time,Tall Towers,6,"In Due Time by, Tall Towers"
"ready, steady, go",Hers Lake,6,"ready, steady, go by, Hers Lake"
Beginnings,Melvin Barker,7,"Beginnings by, Melvin Barker"
Tidal Waves,Isaak Young,12,"Tidal Waves by, Isaak Young"
Frozen Lakes,Imber Sun,10,"Frozen Lakes by, Imber Sun"
Staring into Infinity,Far & Beyond,11,"Staring into Infinity by, Far & Beyond"
Break Through,Sounds of Ellinia,5,"Break Through by, Sounds of Ellinia"
Neon White,Dance Of Centuries,5,"Neon White by, Dance Of Centuries"
Number Games,Haltura Arnadottir,4,"Number Games by, Haltura Arnadottir"
remembrance,Dreams Ahead,6,"remembrance by, Dreams Ahead"
both sides of the coin,Electric Rivers,16,"both sides of the coin by, Electric Rivers"
taming the tiger,Golden Horses,10,"taming the tiger by, Golden Horses"
Look At The Stars,The Purple Stripe,8,"Look At The Stars by, The Purple Stripe"
Nuraghe,PLACID,20,"Nuraghe by, PLACID"
Atlavík,Hugar,15,"Atlavík by, Hugar"
Curiosity,Beau Projet,26,"Curiosity by, Beau Projet"
Are You Up,Agnes Lundh,13,"Are You Up by, Agnes Lundh"
waveforms,Joy Parade,18,"waveforms by, Joy Parade"
miniature things,Tall Towers,14,"miniature things by, Tall Towers"
Abroad and Overseas,Imala Zir,5,"Abroad and Overseas by, Imala Zir"
oh! the view,Mayra R,8,"oh! the view by, Mayra R"
Searching In The Night,Dreams Ahead,13,"Searching In The Night by, Dreams Ahead"
High Up,Mirror Inside,3,"High Up by, Mirror Inside"
line up,Golden Horses,9,"line up by, Golden Horses"
Slip Away,Elementaries,10,"Slip Away by, Elementaries"
Echoes In The Night,Hers Lake,9,"Echoes In The Night by, Hers Lake"
The Top Brink,Haltura Arnadottir,14,"The Top Brink by, Haltura Arnadottir"
Zero Gravity,Rippling,6,"Zero Gravity by, Rippling"
the light of day,Imala Zir,11,"the light of day by, Imala Zir"
Follow My Voice,Niveous,6,"Follow My Voice by, Niveous"
The Quest,Spaced Out Dreams,22,"The Quest by, Spaced Out Dreams"
embraceable,Hers Lake,14,"embraceable by, Hers Lake"
Jalons,Rayonner,22,"Jalons by, Rayonner"
That Bird of Prey Casts a Long Shadow,Random Forest,19,"That Bird of Prey Casts a Long Shadow by, Random Forest"
Chorale Bloom,MVS,16,"Chorale Bloom by, MVS"
Waiting for the Sunrise,Across The Great Valley,16,"Waiting for the Sunrise by, Across The Great Valley"
Roundabout,NYMK,3,"Roundabout by, NYMK"
deep wild,Far & Beyond,2,"deep wild by, Far & Beyond"
Anagram,Imala Zir,9,"Anagram by, Imala Zir"
Hold My Hand,They Dream By Day,26,"Hold My Hand by, They Dream By Day"
Horizons,Hers Lake,18,"Horizons by, Hers Lake"
With Resolve,Jacob Yoffee,2,"With Resolve by, Jacob Yoffee"
The Five Times I Loved You,Cora Zea,8,"The Five Times I Loved You by, Cora Zea"
Vague,Amaranth Cove,25,"Vague by, Amaranth Cove"
Collapse Into Light,Evin Iris,23,"Collapse Into Light by, Evin Iris"
nameless wonder,Dreams Ahead,10,"nameless wonder by, Dreams Ahead"
circles,Niveous,11,"circles by, Niveous"
Horoscopes,Isaak Young,17,"Horoscopes by, Isaak Young"
apple of my eye,Spaced Out Dreams,13,"apple of my eye by, Spaced Out Dreams"
Return To Sender,Dreams Ahead,4,"Return To Sender by, Dreams Ahead"
Silver Lining,Agnes Lundh,4,"Silver Lining by, Agnes Lundh"
Ultraviolet,Josef Briem,5,"Ultraviolet by, Josef Briem"
neck of the woods,Dreams Ahead,4,"neck of the woods by, Dreams Ahead"
paragraphs,Dance Of Centuries,8,"paragraphs by, Dance Of Centuries"
Humane,Andrew Oye,9,"Humane by, Andrew Oye"
Tied Together,Agnes Lundh,8,"Tied Together by, Agnes Lundh"
Chasing Tides,Josef Briem,2,"Chasing Tides by, Josef Briem"
In A Week Or Two,Isaak Young,7,"In A Week Or Two by, Isaak Young"
summer silence,Niveous,6,"summer silence by, Niveous"
Eulogy,Woven Hearts,9,"Eulogy by, Woven Hearts"
Gentle Whisper,Josef Briem,26,"Gentle Whisper by, Josef Briem"
heels to the heavens,Dössell,16,"heels to the heavens by, Dössell"
Breathe,Night Songs,12,"Breathe by, Night Songs"
Undeniable,Hollow Light,19,"Undeniable by, Hollow Light"
Mývatn,Haltura Arnadottir,20,"Mývatn by, Haltura Arnadottir"
synergy,Dreams Ahead,13,"synergy by, Dreams Ahead"
aesthetics,Agnes Lundh,7,"aesthetics by, Agnes Lundh"
Heliosphere,Haltura Arnadottir,6,"Heliosphere by, Haltura Arnadottir"
bewildered,Garden Collective,12,"bewildered by, Garden Collective"
In Every Heartbeat,Axione,7,"In Every Heartbeat by, Axione"
The Outlook,Benjamin Martins,17,"The Outlook by, Benjamin Martins"
Mount Soul,Nova Explora,6,"Mount Soul by, Nova Explora"
Coastlines,Garden Collective,11,"Coastlines by, Garden Collective"
Undiscovered,Elementaries,13,"Undiscovered by, Elementaries"
ouma,Fall Ball,7,"ouma by, Fall Ball"
eternal wind down,Riley Power,25,"eternal wind down by, Riley Power"
Into The Deep End,The Purple Stripe,14,"Into The Deep End by, The Purple Stripe"
Flowing,Lucas Delphy,14,"Flowing by, Lucas Delphy"
Stillness Within,Roots and Recognition,10,"Stillness Within by, Roots and Recognition"
Ethereal Glow,Far & Beyond,11,"Ethereal Glow by, Far & Beyond"
two,cloudcrush,16,"two by, cloudcrush"
Everlonging,Niveous,15,"Everlonging by, Niveous"
Will to Live,Jacob Yoffee,11,"Will to Live by, Jacob Yoffee"
Falling Rivers,Yolta,6,"Falling Rivers by, Yolta"
everpresent,Imber Sun,18,"everpresent by, Imber Sun"
Snowfields,Shape Of Our Dreams,23,"Snowfields by, Shape Of Our Dreams"
For a Moment,Amaranth Cove,21,"For a Moment by, Amaranth Cove"
Further Than Far,Shape Of Our Dreams,6,"Further Than Far by, Shape Of Our Dreams"
Awakening,Starlight Passage,5,"Awakening by, Starlight Passage"
Coming Home,Zoe Connelly,14,"Coming Home by, Zoe Connelly"
Bortom Träden,Erik Reno,6,"Bortom Träden by, Erik Reno"
Arriving,Hilder Sky,1,"Arriving by, Hilder Sky"
Rainy Nights,Random Forest,38,"Rainy Nights by, Random Forest"
Needless to Say,Elkoo,9,"Needless to Say by, Elkoo"
River Deep,2am Fieldscape,1,"River Deep by, 2am Fieldscape"
lining the cloud,Aguto Rising,5,"lining the cloud by, Aguto Rising"
zoot suit,Blackbird Co.,14,"zoot suit by, Blackbird Co."
Golden,Clear Blue Skies,32,"Golden by, Clear Blue Skies"
Hold the Handle,Forest Landing,22,"Hold the Handle by, Forest Landing"
jubilance,Däalo,15,"jubilance by, Däalo"
Catch a Breath,Light of Sun,16,"Catch a Breath by, Light of Sun"
The Meaning,Fondur,7,"The Meaning by, Fondur"
Rectifier,12dust,10,"Rectifier by, 12dust"
Lupina's Dream,Lama House,13,"Lupina's Dream by, Lama House"
Midnight Mirage,Atlas,4,"Midnight Mirage by, Atlas"
Mind Of Lust,Sandomina,15,"Mind Of Lust by, Sandomina"
Dreamer,Ygor Ghensev,18,"Dreamer by, Ygor Ghensev"
Eleven Shades,Lunaire,14,"Eleven Shades by, Lunaire"
Time Travel,AMBIE,29,"Time Travel by, AMBIE"
Change Of Tides,Stories Seldom Told,7,"Change Of Tides by, Stories Seldom Told"
Den inre skogen,Thomas Jackson,38,"Den inre skogen by, Thomas Jackson"
The Discovery,Sulfur Springs,13,"The Discovery by, Sulfur Springs"
Wild Flowers,MVS,11,"Wild Flowers by, MVS"
Takeoff,Silo Silo,32,"Takeoff by, Silo Silo"
Projections,Jacob Yoffee,7,"Projections by, Jacob Yoffee"
mellow,cloudcrush,16,"mellow by, cloudcrush"
Dream Circuit,Focal Point,24,"Dream Circuit by, Focal Point"
Momentum,Monocle Twins,25,"Momentum by, Monocle Twins"
Bull’s Eye,Tom Kalani,34,"Bull’s Eye by, Tom Kalani"
Limitless,Lucas Delphy,19,"Limitless by, Lucas Delphy"
Water Colors,Star Slide,12,"Water Colors by, Star Slide"
Presence,Van Stiles,29,"Presence by, Van Stiles"
Auburn Sky,Toledo Rains,4,"Auburn Sky by, Toledo Rains"
Malibu,Matthew Harvey,15,"Malibu by, Matthew Harvey"
Crystal Shores,Dean Valio,3,"Crystal Shores by, Dean Valio"
Drifting,Silje Månsson,3,"Drifting by, Silje Månsson"
Waiting,Sheltered Solitude,8,"Waiting by, Sheltered Solitude"
Willow - Instrumental Version,Seth Luke,14,"Willow - Instrumental Version by, Seth Luke"
Keeping it together,Isaak Young,9,"Keeping it together by, Isaak Young"
Blue Days,Louaminé,8,"Blue Days by, Louaminé"
Neon Sky,Garden Collective,10,"Neon Sky by, Garden Collective"
"Dolly Suite, Op. 56: I. Berceuse",Gabriel Fauré,1,"Dolly Suite, Op. 56: I. Berceuse by, Gabriel Fauré"
Carmen Suite No. 1 (Arr. E. Guiraud): IV. Séguedille,Georges Bizet,1,"Carmen Suite No. 1 (Arr. E. Guiraud): IV. Séguedille by, Georges Bizet"
"Symphony No. 6 in F Major, Op. 68, ""Pastorale"": I. Allegro ma non troppo, ""Awakening of cheerful feelings on arriving in the countryside""",Ludwig van Beethoven,6,"Symphony No. 6 in F Major, Op. 68, ""Pastorale"": I. Allegro ma non troppo, ""Awakening of cheerful feelings on arriving in the countryside"" by, Ludwig van Beethoven"
Merry-Go-Round of Life,Joe Hisaishi,19,"Merry-Go-Round of Life by, Joe Hisaishi"
amour,Jean-Michel Blais,21,"amour by, Jean-Michel Blais"
"Antiche Danze Ed Arie Per Liuto (Ancient Airs And Dances), P. 114: IV. Italiana",Ottorino Respighi,2,"Antiche Danze Ed Arie Per Liuto (Ancient Airs And Dances), P. 114: IV. Italiana by, Ottorino Respighi"
"Salut d'amour, Op. 12",Edward Elgar,13,"Salut d'amour, Op. 12 by, Edward Elgar"
"Boccherini: String Quintet in E Major, Op. 13 No. 6, G. 282: III. Minuetto - Trio",Luigi Boccherini,4,"Boccherini: String Quintet in E Major, Op. 13 No. 6, G. 282: III. Minuetto - Trio by, Luigi Boccherini"
"3 Nouvelles etudes, Op. posth.: II. Etude No. 26 in A-Flat Major",Frédéric Chopin,1,"3 Nouvelles etudes, Op. posth.: II. Etude No. 26 in A-Flat Major by, Frédéric Chopin"
"Widmung, Op. 25 No. 1",Robert Schumann,3,"Widmung, Op. 25 No. 1 by, Robert Schumann"
"GoldBergHain (Quodlibet on ""Kraut und Rüben haben mich vertrieben"") for Violin & String Orchestra",Stephan Koncz,13,"GoldBergHain (Quodlibet on ""Kraut und Rüben haben mich vertrieben"") for Violin & String Orchestra by, Stephan Koncz"
La Gioconda / Act 3: Dance Of The Hours,Amilcare Ponchielli,1,"La Gioconda / Act 3: Dance Of The Hours by, Amilcare Ponchielli"
Copland: Appalachian Spring: VII. Doppio movimento (Variations on a Shaker Hymn - Simple Gifts),Aaron Copland,10,"Copland: Appalachian Spring: VII. Doppio movimento (Variations on a Shaker Hymn - Simple Gifts) by, Aaron Copland"
"Concerto a 5 in B flat, Op. 7, no.10 for Strings and Continuo: 3. Allegro",Tomaso Albinoni,17,"Concerto a 5 in B flat, Op. 7, no.10 for Strings and Continuo: 3. Allegro by, Tomaso Albinoni"
"Nonet in E-Flat Major, Op. 38: III. Scherzo. Vivace",Louise Farrenc,5,"Nonet in E-Flat Major, Op. 38: III. Scherzo. Vivace by, Louise Farrenc"
My Neighbour TOTORO,Joe Hisaishi,30,"My Neighbour TOTORO by, Joe Hisaishi"
"The Nutcracker, Op. 71, TH.14 / Act 2: No. 12e Dance of the Reed Pipes",Pyotr Ilyich Tchaikovsky,12,"The Nutcracker, Op. 71, TH.14 / Act 2: No. 12e Dance of the Reed Pipes by, Pyotr Ilyich Tchaikovsky"
"Petite suite de concert, Op. 77: III. Un sonnet d'amour",Samuel Coleridge-Taylor,1,"Petite suite de concert, Op. 77: III. Un sonnet d'amour by, Samuel Coleridge-Taylor"
Miracles,Alexis Ffrench,10,"Miracles by, Alexis Ffrench"
"An der schönen blauen Donau, Walzer, Op. 314",Johann Strauss II,9,"An der schönen blauen Donau, Walzer, Op. 314 by, Johann Strauss II"
"Préludes / Book 1, L. 117: VIII. La fille aux cheveux de lin (Arr. Garrett / van der Heijden for Violin, Flute and Orchestra)",Claude Debussy,28,"Préludes / Book 1, L. 117: VIII. La fille aux cheveux de lin (Arr. Garrett / van der Heijden for Violin, Flute and Orchestra) by, Claude Debussy"
Canarios,Gaspar Sanz,8,"Canarios by, Gaspar Sanz"
Kitsch-Musik: III. Allegretto,Valentin Silvestrov,0,"Kitsch-Musik: III. Allegretto by, Valentin Silvestrov"
The Lark Ascending: I. Andante sostenuto,Ralph Vaughan Williams,8,"The Lark Ascending: I. Andante sostenuto by, Ralph Vaughan Williams"
"Dances in the Canebrakes (Arr. W.G. Still for Orchestra): No. 1, Nimble Feet",Florence Beatrice Price,8,"Dances in the Canebrakes (Arr. W.G. Still for Orchestra): No. 1, Nimble Feet by, Florence Beatrice Price"
Il Tempo delle Cose,Alberto Giurioli,16,"Il Tempo delle Cose by, Alberto Giurioli"
"3 Concert Études, S. 144: No. 3 in D-Flat Major, ""un sospiro""",Franz Liszt,6,"3 Concert Études, S. 144: No. 3 in D-Flat Major, ""un sospiro"" by, Franz Liszt"
"Tchaikovsky: Serenade for Strings in C, Op. 48 - 2. Walzer: Moderato (Tempo di valse)",Pyotr Ilyich Tchaikovsky,22,"Tchaikovsky: Serenade for Strings in C, Op. 48 - 2. Walzer: Moderato (Tempo di valse) by, Pyotr Ilyich Tchaikovsky"
African Suite: V. Akinla: Allegro non troppo,Fela Sowande,1,"African Suite: V. Akinla: Allegro non troppo by, Fela Sowande"
Un homme et une femme,Gautier Capuçon,12,"Un homme et une femme by, Gautier Capuçon"
"Les Patineurs, Waltz, Op. 183",Émile Waldteufel,15,"Les Patineurs, Waltz, Op. 183 by, Émile Waldteufel"
Les Beautés Du Diable,François Dompierre,11,"Les Beautés Du Diable by, François Dompierre"
The Waltzing Cat,Leroy Anderson,7,"The Waltzing Cat by, Leroy Anderson"
Concerto Magna Carta: III. Intense and energetic,John Brunning,28,"Concerto Magna Carta: III. Intense and energetic by, John Brunning"
"Oboe Concerto in C Major, K. 314: III. Rondo (Allegretto) - Cadenza: Randall Wolfgang",Wolfgang Amadeus Mozart,12,"Oboe Concerto in C Major, K. 314: III. Rondo (Allegretto) - Cadenza: Randall Wolfgang by, Wolfgang Amadeus Mozart"
"Concerto for 2 Mandolins, Strings and Continuo in G Major, RV. 532: III. Allegro",Antonio Vivaldi,21,"Concerto for 2 Mandolins, Strings and Continuo in G Major, RV. 532: III. Allegro by, Antonio Vivaldi"
"Concerto No. 4 in E-Flat Major, K.495: III. Rondo. Allegro Vivace",Wolfgang Amadeus Mozart,13,"Concerto No. 4 in E-Flat Major, K.495: III. Rondo. Allegro Vivace by, Wolfgang Amadeus Mozart"
Julie-O,Mark Summer,14,"Julie-O by, Mark Summer"
"The Birds, P. 154: V. The Cuckoo (Il cuccù)",Ottorino Respighi,3,"The Birds, P. 154: V. The Cuckoo (Il cuccù) by, Ottorino Respighi"
Open Strings,Kaiser Quartett,13,"Open Strings by, Kaiser Quartett"
"Antiche danze ed arie per liuto, Suite No. 1, P. 109: I. Balletto detto Il Conte Orlando",Ottorino Respighi,10,"Antiche danze ed arie per liuto, Suite No. 1, P. 109: I. Balletto detto Il Conte Orlando by, Ottorino Respighi"
Harp Concerto in A major: 3. Rondeau: Allegretto,Carl Ditters von Dittersdorf,13,"Harp Concerto in A major: 3. Rondeau: Allegretto by, Carl Ditters von Dittersdorf"
"String Quintet in C Major, Op. 29: III. Scherzo (Allegro)",Ludwig van Beethoven,9,"String Quintet in C Major, Op. 29: III. Scherzo (Allegro) by, Ludwig van Beethoven"
Serenade in D Major: II. Scherzo. Allegro vivace,Dame Ethel Smyth,6,"Serenade in D Major: II. Scherzo. Allegro vivace by, Dame Ethel Smyth"
"An die Musik, D. 547 - Arr. for Arpeggione and Piano",Franz Schubert,3,"An die Musik, D. 547 - Arr. for Arpeggione and Piano by, Franz Schubert"
"Violin Concerto in B-Flat Major, Op. 10 No. 1: I. Allegro",Jean-Marie Leclair,13,"Violin Concerto in B-Flat Major, Op. 10 No. 1: I. Allegro by, Jean-Marie Leclair"
"Serenade No. 2 in A Major, Op. 16: 2. Scherzo. Vivace",Johannes Brahms,22,"Serenade No. 2 in A Major, Op. 16: 2. Scherzo. Vivace by, Johannes Brahms"
"Lucio Silla, K. 135: Overture, Pt. 1. Andante",Wolfgang Amadeus Mozart,1,"Lucio Silla, K. 135: Overture, Pt. 1. Andante by, Wolfgang Amadeus Mozart"
"Trumpet Concerto in E Flat, H.VIIe/1: 3. Allegro",Joseph Haydn,20,"Trumpet Concerto in E Flat, H.VIIe/1: 3. Allegro by, Joseph Haydn"
Cruel Summer,Taylor Swift,70,"Cruel Summer by, Taylor Swift"
Seven (feat. Latto) (Explicit Ver.),Jung Kook,83,"Seven (feat. Latto) (Explicit Ver.) by, Jung Kook"
LALA,Myke Towers,74,"LALA by, Myke Towers"
Paint The Town Red,Doja Cat,54,"Paint The Town Red by, Doja Cat"
"What Was I Made For? [From The Motion Picture ""Barbie""]",Billie Eilish,9,"What Was I Made For? [From The Motion Picture ""Barbie""] by, Billie Eilish"
vampire,Olivia Rodrigo,53,"vampire by, Olivia Rodrigo"
Dance The Night - From Barbie The Album,Dua Lipa,85,"Dance The Night - From Barbie The Album by, Dua Lipa"
fukumean,Gunna,62,"fukumean by, Gunna"
Daylight,David Kushner,43,"Daylight by, David Kushner"
WHERE SHE GOES,Bad Bunny,80,"WHERE SHE GOES by, Bad Bunny"
Flowers,Miley Cyrus,68,"Flowers by, Miley Cyrus"
La Bebe - Remix,Yng Lvcas,48,"La Bebe - Remix by, Yng Lvcas"
Barbie World (with Aqua) [From Barbie The Album],Nicki Minaj,58,"Barbie World (with Aqua) [From Barbie The Album] by, Nicki Minaj"
MELTDOWN (feat. Drake),Travis Scott,77,"MELTDOWN (feat. Drake) by, Travis Scott"
LADY GAGA,Peso Pluma,74,"LADY GAGA by, Peso Pluma"
Super Shy,NewJeans,82,"Super Shy by, NewJeans"
Creepin' (with The Weeknd & 21 Savage),Metro Boomin,62,"Creepin' (with The Weeknd & 21 Savage) by, Metro Boomin"
bad idea right?,Olivia Rodrigo,88,"bad idea right? by, Olivia Rodrigo"
I KNOW ?,Travis Scott,62,"I KNOW ? by, Travis Scott"
FE!N (feat. Playboi Carti),Travis Scott,88,"FE!N (feat. Playboi Carti) by, Travis Scott"
un x100to,Grupo Frontera,72,"un x100to by, Grupo Frontera"
Popular (with Playboi Carti & Madonna) - Music from the HBO Original Series,The Weeknd,68,"Popular (with Playboi Carti & Madonna) - Music from the HBO Original Series by, The Weeknd"
See You Again (feat. Kali Uchis),"Tyler, The Creator",56,"See You Again (feat. Kali Uchis) by, Tyler, The Creator"
Calm Down (with Selena Gomez),Rema,81,"Calm Down (with Selena Gomez) by, Rema"
Ella Baila Sola,Eslabon Armado,76,"Ella Baila Sola by, Eslabon Armado"
TELEKINESIS (feat. SZA & Future),Travis Scott,54,"TELEKINESIS (feat. SZA & Future) by, Travis Scott"
TULUM,Peso Pluma,87,"TULUM by, Peso Pluma"
SABOR FRESA,Fuerza Regida,86,"SABOR FRESA by, Fuerza Regida"
Baby Don't Hurt Me,David Guetta,91,"Baby Don't Hurt Me by, David Guetta"
Fast Car,Luke Combs,60,"Fast Car by, Luke Combs"
Snooze,SZA,55,"Snooze by, SZA"
K-POP,Travis Scott,62,"K-POP by, Travis Scott"
TQM,Fuerza Regida,85,"TQM by, Fuerza Regida"
AMARGURA,KAROL G,70,"AMARGURA by, KAROL G"
Rich Men North of Richmond,Oliver Anthony Music,26,"Rich Men North of Richmond by, Oliver Anthony Music"
QLONA,KAROL G,76,"QLONA by, KAROL G"
I Can See You (Taylor’s Version) (From The Vault),Taylor Swift,76,"I Can See You (Taylor’s Version) (From The Vault) by, Taylor Swift"
MY EYES,Travis Scott,62,"MY EYES by, Travis Scott"
Chemical,Post Malone,90,"Chemical by, Post Malone"
Speed Drive (From Barbie The Album),Charli XCX,88,"Speed Drive (From Barbie The Album) by, Charli XCX"
LAGUNAS,Peso Pluma,62,"LAGUNAS by, Peso Pluma"
Last Night,Morgan Wallen,68,"Last Night by, Morgan Wallen"
Kill Bill,SZA,73,"Kill Bill by, SZA"
MI EX TENÍA RAZÓN,KAROL G,73,"MI EX TENÍA RAZÓN by, KAROL G"
RUBICON,Peso Pluma,82,"RUBICON by, Peso Pluma"
TOPIA TWINS (feat. Rob49 & 21 Savage),Travis Scott,57,"TOPIA TWINS (feat. Rob49 & 21 Savage) by, Travis Scott"
All My Life (feat. J. Cole),Lil Durk,44,"All My Life (feat. J. Cole) by, Lil Durk"
Dial Drunk (with Post Malone),Noah Kahan,61,"Dial Drunk (with Post Malone) by, Noah Kahan"
Search & Rescue,Drake,44,"Search & Rescue by, Drake"
Religiously,Bailey Zimmerman,67,"Religiously by, Bailey Zimmerman"
Thinkin’ Bout Me,Morgan Wallen,76,"Thinkin’ Bout Me by, Morgan Wallen"
Deli,Ice Spice,76,"Deli by, Ice Spice"
Area Codes,Kaliii,39,"Area Codes by, Kaliii"
Princess Diana (with Nicki Minaj),Ice Spice,68,"Princess Diana (with Nicki Minaj) by, Ice Spice"
Dawns (feat. Maggie Rogers),Zach Bryan,44,"Dawns (feat. Maggie Rogers) by, Zach Bryan"
Oh U Went (feat. Drake),Young Thug,79,"Oh U Went (feat. Drake) by, Young Thug"
Oklahoma Smokeshow,Zach Bryan,57,"Oklahoma Smokeshow by, Zach Bryan"
"Burn, Burn, Burn",Zach Bryan,30,"Burn, Burn, Burn by, Zach Bryan"
Need A Favor,Jelly Roll,77,"Need A Favor by, Jelly Roll"
Cupid,FIFTY FIFTY,66,"Cupid by, FIFTY FIFTY"
Jaded,Miley Cyrus,59,"Jaded by, Miley Cyrus"
In Your Love,Tyler Childers,41,"In Your Love by, Tyler Childers"
Stand By Me (feat. Morgan Wallen),Lil Durk,58,"Stand By Me (feat. Morgan Wallen) by, Lil Durk"
White Horse,Chris Stapleton,77,"White Horse by, Chris Stapleton"
Try That In A Small Town,Jason Aldean,86,"Try That In A Small Town by, Jason Aldean"
Peaches & Eggplants (feat. 21 Savage),Young Nudy,54,"Peaches & Eggplants (feat. 21 Savage) by, Young Nudy"
Johnny Dang (with Paul Wall & DRODi),That Mexican OT,67,"Johnny Dang (with Paul Wall & DRODi) by, That Mexican OT"
Barely Holdin' On,Polo G,58,"Barely Holdin' On by, Polo G"
Turn Yo Clic Up (feat. Future),Quavo,56,"Turn Yo Clic Up (feat. Future) by, Quavo"
Heartbroken (feat. Jessie Murph & Polo G),Diplo,62,"Heartbroken (feat. Jessie Murph & Polo G) by, Diplo"
Favorite Song,Toosii,37,"Favorite Song by, Toosii"
Next Thing You Know,Jordan Davis,60,"Next Thing You Know by, Jordan Davis"
What It Is (Block Boy) (with Kodak Black),Doechii,74,"What It Is (Block Boy) (with Kodak Black) by, Doechii"
Lose Control,Teddy Swims,60,"Lose Control by, Teddy Swims"
Karma (feat. Ice Spice),Taylor Swift,62,"Karma (feat. Ice Spice) by, Taylor Swift"
Watermelon Moonshine,Lainey Wilson,41,"Watermelon Moonshine by, Lainey Wilson"
Put It On Da Floor Again (feat. Cardi B),Latto,61,"Put It On Da Floor Again (feat. Cardi B) by, Latto"
Your Heart Or Mine,Jon Pardi,71,"Your Heart Or Mine by, Jon Pardi"
Pretty Little Poison,Warren Zeiders,56,"Pretty Little Poison by, Warren Zeiders"
S91,KAROL G,72,"S91 by, KAROL G"
Aint Gotta Dollar,Oliver Anthony Music,9,"Aint Gotta Dollar by, Oliver Anthony Music"
Call Your Friends,Rod Wave,66,"Call Your Friends by, Rod Wave"
The Painter,Cody Johnson,71,"The Painter by, Cody Johnson"
SHAKE SUMN,DaBaby,77,"SHAKE SUMN by, DaBaby"
Good Good,USHER,67,"Good Good by, USHER"
EL AMOR DE SU VIDA,Grupo Frontera,83,"EL AMOR DE SU VIDA by, Grupo Frontera"
Fight The Feeling,Rod Wave,54,"Fight The Feeling by, Rod Wave"
Save Me,Jelly Roll,40,"Save Me by, Jelly Roll"
Angels (Don’t Always Have Wings),Thomas Rhett,60,"Angels (Don’t Always Have Wings) by, Thomas Rhett"
F*ck U Thought,Lil Durk,56,"F*ck U Thought by, Lil Durk"
Mona Lisa,Dominic Fike,65,"Mona Lisa by, Dominic Fike"
Summer Too Hot,Chris Brown,71,"Summer Too Hot by, Chris Brown"
Anti-Hero,Taylor Swift,63,"Anti-Hero by, Taylor Swift"
Love You Anyway,Luke Combs,49,"Love You Anyway by, Luke Combs"
"You, Me, And Whiskey",Justin Moore,88,"You, Me, And Whiskey by, Justin Moore"
TRUCK BED,HARDY,77,"TRUCK BED by, HARDY"
Everything I Love,Morgan Wallen,85,"Everything I Love by, Morgan Wallen"
Bury Me in Georgia,Kane Brown,84,"Bury Me in Georgia by, Kane Brown"
Standing Room Only,Tim McGraw,78,"Standing Room Only by, Tim McGraw"
Girl In Mine,Parmalee,68,"Girl In Mine by, Parmalee"
Blinding Lights,The Weeknd,73,"Blinding Lights by, The Weeknd"
Heat Waves,Glass Animals,53,"Heat Waves by, Glass Animals"
Watermelon Sugar,Harry Styles,82,"Watermelon Sugar by, Harry Styles"
Save Your Tears,The Weeknd,83,"Save Your Tears by, The Weeknd"
drivers license,Olivia Rodrigo,43,"drivers license by, Olivia Rodrigo"
deja vu,Olivia Rodrigo,61,"deja vu by, Olivia Rodrigo"
Happier Than Ever,Billie Eilish,23,"Happier Than Ever by, Billie Eilish"
traitor,Olivia Rodrigo,34,"traitor by, Olivia Rodrigo"
good 4 u,Olivia Rodrigo,66,"good 4 u by, Olivia Rodrigo"
All Too Well (10 Minute Version) (Taylor's Version) (From The Vault),Taylor Swift,52,"All Too Well (10 Minute Version) (Taylor's Version) (From The Vault) by, Taylor Swift"
Woman,Doja Cat,76,"Woman by, Doja Cat"
Shivers,Ed Sheeran,86,"Shivers by, Ed Sheeran"
Bad Habits,Ed Sheeran,89,"Bad Habits by, Ed Sheeran"
STAY (with Justin Bieber),The Kid LAROI,76,"STAY (with Justin Bieber) by, The Kid LAROI"
Fair Trade (with Travis Scott),Drake,47,"Fair Trade (with Travis Scott) by, Drake"
Cold Heart - PNAU Remix,Elton John,80,"Cold Heart - PNAU Remix by, Elton John"
Beggin',Måneskin,80,"Beggin' by, Måneskin"
telepatía,Kali Uchis,52,"telepatía by, Kali Uchis"
Love Story (Taylor’s Version),Taylor Swift,79,"Love Story (Taylor’s Version) by, Taylor Swift"
Peaches (feat. Daniel Caesar & Giveon),Justin Bieber,70,"Peaches (feat. Daniel Caesar & Giveon) by, Justin Bieber"
Easy On Me,Adele,37,"Easy On Me by, Adele"
Yonaguni,Bad Bunny,65,"Yonaguni by, Bad Bunny"
positions,Ariana Grande,80,"positions by, Ariana Grande"
Pepas,Farruko,77,"Pepas by, Farruko"
THATS WHAT I WANT,Lil Nas X,85,"THATS WHAT I WANT by, Lil Nas X"
Leave Before You Love Me (with Jonas Brothers),Marshmello,74,"Leave Before You Love Me (with Jonas Brothers) by, Marshmello"
Save Your Tears (with Ariana Grande) (Remix),The Weeknd,83,"Save Your Tears (with Ariana Grande) (Remix) by, The Weeknd"
Leave The Door Open,Bruno Mars,62,"Leave The Door Open by, Bruno Mars"
You Right,Doja Cat,62,"You Right by, Doja Cat"
I WANNA BE YOUR SLAVE,Måneskin,61,"I WANNA BE YOUR SLAVE by, Måneskin"
Streets,Doja Cat,46,"Streets by, Doja Cat"
Mood (feat. iann dior),24kGoldn,72,"Mood (feat. iann dior) by, 24kGoldn"
Dynamite,BTS,77,"Dynamite by, BTS"
Heartbreak Anniversary,Giveon,47,"Heartbreak Anniversary by, Giveon"
willow,Taylor Swift,57,"willow by, Taylor Swift"
love nwantiti (ah ah ah),CKay,74,"love nwantiti (ah ah ah) by, CKay"
LA NOCHE DE ANOCHE,Bad Bunny,62,"LA NOCHE DE ANOCHE by, Bad Bunny"
What You Know Bout Love,Pop Smoke,55,"What You Know Bout Love by, Pop Smoke"
Good Days,SZA,66,"Good Days by, SZA"
MONEY,LISA,55,"MONEY by, LISA"
My Universe,Coldplay,70,"My Universe by, Coldplay"
Calling My Phone,Lil Tjay,39,"Calling My Phone by, Lil Tjay"
RAPSTAR,Polo G,54,"RAPSTAR by, Polo G"
Head & Heart (feat. MNEK),Joel Corry,87,"Head & Heart (feat. MNEK) by, Joel Corry"
34+35,Ariana Grande,59,"34+35 by, Ariana Grande"
The Business,Tiësto,62,"The Business by, Tiësto"
DÁKITI,Bad Bunny,57,"DÁKITI by, Bad Bunny"
Prisoner (feat. Dua Lipa),Miley Cyrus,67,"Prisoner (feat. Dua Lipa) by, Miley Cyrus"
Beautiful Mistakes (feat. Megan Thee Stallion),Maroon 5,68,"Beautiful Mistakes (feat. Megan Thee Stallion) by, Maroon 5"
m y . l i f e (with 21 Savage & Morray),J. Cole,59,"m y . l i f e (with 21 Savage & Morray) by, J. Cole"
INDUSTRY BABY (feat. Jack Harlow),Lil Nas X,69,"INDUSTRY BABY (feat. Jack Harlow) by, Lil Nas X"
Kiss Me More (feat. SZA),Doja Cat,70,"Kiss Me More (feat. SZA) by, Doja Cat"
Butter,BTS,46,"Butter by, BTS"
Todo De Ti,Rauw Alejandro,72,"Todo De Ti by, Rauw Alejandro"
Girls Want Girls (with Lil Baby),Drake,44,"Girls Want Girls (with Lil Baby) by, Drake"
Permission to Dance,BTS,74,"Permission to Dance by, BTS"
Meet Me At Our Spot,THE ANXIETY,47,"Meet Me At Our Spot by, THE ANXIETY"
Praise God,Kanye West,55,"Praise God by, Kanye West"
Astronaut In The Ocean,Masked Wolf,70,"Astronaut In The Ocean by, Masked Wolf"
Your Power,Billie Eilish,28,"Your Power by, Billie Eilish"
Summer of Love (Shawn Mendes & Tainy),Shawn Mendes,81,"Summer of Love (Shawn Mendes & Tainy) by, Shawn Mendes"
Life Goes On,Oliver Tree,49,"Life Goes On by, Oliver Tree"
MONTERO (Call Me By Your Name),Lil Nas X,51,"MONTERO (Call Me By Your Name) by, Lil Nas X"
pov,Ariana Grande,53,"pov by, Ariana Grande"
We're Good,Dua Lipa,59,"We're Good by, Dua Lipa"
Motley Crew,Post Malone,63,"Motley Crew by, Post Malone"
Levitating (feat. DaBaby),Dua Lipa,83,"Levitating (feat. DaBaby) by, Dua Lipa"
Build a Bitch,Bella Poarch,46,"Build a Bitch by, Bella Poarch"
Bandido,Myke Towers,62,"Bandido by, Myke Towers"
Therefore I Am,Billie Eilish,34,"Therefore I Am by, Billie Eilish"
GIRL LIKE ME,Black Eyed Peas,49,"GIRL LIKE ME by, Black Eyed Peas"
BICHOTA,KAROL G,67,"BICHOTA by, KAROL G"
Lemonade,Internet Money,66,"Lemonade by, Internet Money"
Best Friend (feat. Doja Cat),Saweetie,77,"Best Friend (feat. Doja Cat) by, Saweetie"
What’s Next,Drake,59,"What’s Next by, Drake"
Hurricane,Kanye West,56,"Hurricane by, Kanye West"
Whoopty,CJ,65,"Whoopty by, CJ"
Anyone,Justin Bieber,54,"Anyone by, Justin Bieber"
Afterglow,Ed Sheeran,32,"Afterglow by, Ed Sheeran"
Skate,Bruno Mars,60,"Skate by, Bruno Mars"
Up,Cardi B,80,"Up by, Cardi B"
Baila Conmigo (with Rauw Alejandro),Selena Gomez,54,"Baila Conmigo (with Rauw Alejandro) by, Selena Gomez"
WITHOUT YOU (with Miley Cyrus),The Kid LAROI,47,"WITHOUT YOU (with Miley Cyrus) by, The Kid LAROI"
Lost Cause,Billie Eilish,33,"Lost Cause by, Billie Eilish"
On The Ground,ROSÉ,61,"On The Ground by, ROSÉ"
Hold On,Justin Bieber,63,"Hold On by, Justin Bieber"
Body,Megan Thee Stallion,73,"Body by, Megan Thee Stallion"
Dick (feat. Doja Cat),StarBoi3,61,"Dick (feat. Doja Cat) by, StarBoi3"
Solar Power,Lorde,48,"Solar Power by, Lorde"
Rumors (feat. Cardi B),Lizzo,73,"Rumors (feat. Cardi B) by, Lizzo"
Arcade (feat. FLETCHER),Duncan Laurence,40,"Arcade (feat. FLETCHER) by, Duncan Laurence"
late at night,Roddy Ricch,40,"late at night by, Roddy Ricch"
As I Am (feat. Khalid),Justin Bieber,54,"As I Am (feat. Khalid) by, Justin Bieber"
test drive,Ariana Grande,71,"test drive by, Ariana Grande"
"34+35 Remix (feat. Doja Cat, Megan Thee Stallion) - Remix",Ariana Grande,66,"34+35 Remix (feat. Doja Cat, Megan Thee Stallion) - Remix by, Ariana Grande"
t r a n s p a r e n t s o u l feat. Travis Barker,WILLOW,83,"t r a n s p a r e n t s o u l feat. Travis Barker by, WILLOW"
Need to Know,Doja Cat,61,"Need to Know by, Doja Cat"
Girl From Rio,Anitta,64,"Girl From Rio by, Anitta"
Selfish Love (with Selena Gomez),DJ Snake,65,"Selfish Love (with Selena Gomez) by, DJ Snake"
Met Him Last Night (feat. Ariana Grande),Demi Lovato,51,"Met Him Last Night (feat. Ariana Grande) by, Demi Lovato"
Everybody Wants To Rule The World,Tears For Fears,80,"Everybody Wants To Rule The World by, Tears For Fears"
Take on Me,a-ha,90,"Take on Me by, a-ha"
Mr. Brightside,The Killers,91,"Mr. Brightside by, The Killers"
Dreams - 2004 Remaster,Fleetwood Mac,49,"Dreams - 2004 Remaster by, Fleetwood Mac"
Ain't No Mountain High Enough,Marvin Gaye,60,"Ain't No Mountain High Enough by, Marvin Gaye"
I'm Still Standing,Elton John,90,"I'm Still Standing by, Elton John"
Africa,TOTO,37,"Africa by, TOTO"
Running Up That Hill (A Deal With God),Kate Bush,55,"Running Up That Hill (A Deal With God) by, Kate Bush"
Here Comes The Sun - Remastered 2009,The Beatles,54,"Here Comes The Sun - Remastered 2009 by, The Beatles"
"Hey, Soul Sister",Train,89,"Hey, Soul Sister by, Train"
Shut Up and Dance,WALK THE MOON,87,"Shut Up and Dance by, WALK THE MOON"
Hey Ya!,Outkast,97,"Hey Ya! by, Outkast"
"Rocket Man (I Think It's Going To Be A Long, Long Time)",Elton John,53,"Rocket Man (I Think It's Going To Be A Long, Long Time) by, Elton John"
Everywhere - 2017 Remaster,Fleetwood Mac,49,"Everywhere - 2017 Remaster by, Fleetwood Mac"
Brown Eyed Girl,Van Morrison,58,"Brown Eyed Girl by, Van Morrison"
What's Up?,4 Non Blondes,56,"What's Up? by, 4 Non Blondes"
Best Day Of My Life,American Authors,90,"Best Day Of My Life by, American Authors"
Mr. Blue Sky,Electric Light Orchestra,34,"Mr. Blue Sky by, Electric Light Orchestra"
Smooth Operator - Single Version,Sade,58,"Smooth Operator - Single Version by, Sade"
Put Your Records On,Corinne Bailey Rae,51,"Put Your Records On by, Corinne Bailey Rae"
I'm Yours,Jason Mraz,44,"I'm Yours by, Jason Mraz"
My Girl,The Temptations,42,"My Girl by, The Temptations"
Tongue Tied,GROUPLOVE,94,"Tongue Tied by, GROUPLOVE"
Drops of Jupiter (Tell Me),Train,64,"Drops of Jupiter (Tell Me) by, Train"
Landslide,Fleetwood Mac,16,"Landslide by, Fleetwood Mac"
American Pie,Don McLean,48,"American Pie by, Don McLean"
Dancing in the Moonlight,Toploader,86,"Dancing in the Moonlight by, Toploader"
Sweet Caroline,Neil Diamond,13,"Sweet Caroline by, Neil Diamond"
Eyes Without A Face,Billy Idol,82,"Eyes Without A Face by, Billy Idol"
Don't Stop - 2004 Remaster,Fleetwood Mac,71,"Don't Stop - 2004 Remaster by, Fleetwood Mac"
Dog Days Are Over,Florence + The Machine,81,"Dog Days Are Over by, Florence + The Machine"
Tiny Dancer,Elton John,43,"Tiny Dancer by, Elton John"
Dreams,The Cranberries,64,"Dreams by, The Cranberries"
Come and Get Your Love - Single Version,Redbone,80,"Come and Get Your Love - Single Version by, Redbone"
Don't You (Forget About Me),Simple Minds,82,"Don't You (Forget About Me) by, Simple Minds"
The Joker,Steve Miller Band,45,"The Joker by, Steve Miller Band"
Young Folks,Peter Bjorn and John,81,"Young Folks by, Peter Bjorn and John"
Are You Gonna Be My Girl,Jet,95,"Are You Gonna Be My Girl by, Jet"
Let's Stay Together,Al Green,40,"Let's Stay Together by, Al Green"
Brandy (You're a Fine Girl),Looking Glass,63,"Brandy (You're a Fine Girl) by, Looking Glass"
Come On Eileen,Dexys Midnight Runners,66,"Come On Eileen by, Dexys Midnight Runners"
Escape (The Pina Colada Song),Rupert Holmes,51,"Escape (The Pina Colada Song) by, Rupert Holmes"
Love Grows (Where My Rosemary Goes),Edison Lighthouse,82,"Love Grows (Where My Rosemary Goes) by, Edison Lighthouse"
Spirit In The Sky,Norman Greenbaum,62,"Spirit In The Sky by, Norman Greenbaum"
"Take Me Home, Country Roads",John Denver,43,"Take Me Home, Country Roads by, John Denver"
Alright,Supergrass,96,"Alright by, Supergrass"
Bennie And The Jets - Remastered 2014,Elton John,67,"Bennie And The Jets - Remastered 2014 by, Elton John"
Don't Stop Me Now - Remastered 2011,Queen,87,"Don't Stop Me Now - Remastered 2011 by, Queen"
Stacy's Mom,Fountains Of Wayne,75,"Stacy's Mom by, Fountains Of Wayne"
Crazy On You,Heart,46,"Crazy On You by, Heart"
This Will Be (An Everlasting Love),Natalie Cole,62,"This Will Be (An Everlasting Love) by, Natalie Cole"
I Try,Macy Gray,64,"I Try by, Macy Gray"
She's so High,Tal Bachman,84,"She's so High by, Tal Bachman"
Hey Lover,The Daughters Of Eve,48,"Hey Lover by, The Daughters Of Eve"
Better Together,Jack Johnson,35,"Better Together by, Jack Johnson"
"Hold On, I'm Comin'",Sam & Dave,34,"Hold On, I'm Comin' by, Sam & Dave"
Don't Stop Believin',Journey,80,"Don't Stop Believin' by, Journey"
Home - 2019 - Remaster,Edward Sharpe & The Magnetic Zeros,63,"Home - 2019 - Remaster by, Edward Sharpe & The Magnetic Zeros"
Banana Pancakes,Jack Johnson,38,"Banana Pancakes by, Jack Johnson"
Don't Worry Be Happy,Bobby McFerrin,17,"Don't Worry Be Happy by, Bobby McFerrin"
Go Your Own Way - 2004 Remaster,Fleetwood Mac,94,"Go Your Own Way - 2004 Remaster by, Fleetwood Mac"
Send Me on My Way,Rusted Root,68,"Send Me on My Way by, Rusted Root"
Our House,"Crosby, Stills, Nash & Young",21,"Our House by, Crosby, Stills, Nash & Young"
Sweet Disposition,The Temper Trap,82,"Sweet Disposition by, The Temper Trap"
Edge of Seventeen,Stevie Nicks,83,"Edge of Seventeen by, Stevie Nicks"
There She Goes,The La's,85,"There She Goes by, The La's"
Hooked On A Feeling,Blue Swede,82,"Hooked On A Feeling by, Blue Swede"
(What A) Wonderful World,Sam Cooke,51,"(What A) Wonderful World by, Sam Cooke"
Do You Realize??,The Flaming Lips,80,"Do You Realize?? by, The Flaming Lips"
Stuck In The Middle With You,Stealers Wheel,56,"Stuck In The Middle With You by, Stealers Wheel"
Beautiful Day,U2,93,"Beautiful Day by, U2"
Rich Girl,Daryl Hall & John Oates,64,"Rich Girl by, Daryl Hall & John Oates"
Upside Down,Jack Johnson,66,"Upside Down by, Jack Johnson"
Solsbury Hill,Peter Gabriel,63,"Solsbury Hill by, Peter Gabriel"
Jump in the Line,Harry Belafonte,89,"Jump in the Line by, Harry Belafonte"
Should I Stay or Should I Go - Remastered,The Clash,84,"Should I Stay or Should I Go - Remastered by, The Clash"
Piano Man,Billy Joel,48,"Piano Man by, Billy Joel"
Lovely Day,Bill Withers,56,"Lovely Day by, Bill Withers"
Good Vibrations - Remastered 2001,The Beach Boys,50,"Good Vibrations - Remastered 2001 by, The Beach Boys"
Tainted Love,Soft Cell,45,"Tainted Love by, Soft Cell"
Peggy's Cove,Sarah Watson,9,"Peggy's Cove by, Sarah Watson"
Lisser,Miran,6,"Lisser by, Miran"
Morning Dance,Amine Ayad,6,"Morning Dance by, Amine Ayad"
White Garden,Amine Ayad,7,"White Garden by, Amine Ayad"
Echoes,Crimson Memoirs,7,"Echoes by, Crimson Memoirs"
Ottilia,Yana Couto,10,"Ottilia by, Yana Couto"
Aufgang der Sonne,Ploxxio,4,"Aufgang der Sonne by, Ploxxio"
Hour of Rest,William Cas,1,"Hour of Rest by, William Cas"
Starry Sky,April Baxter,3,"Starry Sky by, April Baxter"
"Waltz No. 1, Collapse",Hikaru Shirosu,2,"Waltz No. 1, Collapse by, Hikaru Shirosu"
Mystique,Cassandra Nestico,5,"Mystique by, Cassandra Nestico"
Without You,April Baxter,3,"Without You by, April Baxter"
Lost Frequencies,Cecile Roy,5,"Lost Frequencies by, Cecile Roy"
Peace Frame,Mauvais Roger,10,"Peace Frame by, Mauvais Roger"
Feeling for the next,Noemi Lucas,3,"Feeling for the next by, Noemi Lucas"
I Still Miss You,Boil The Ocean,4,"I Still Miss You by, Boil The Ocean"
Utsjoki,Vegard,6,"Utsjoki by, Vegard"
Fleurs de cerisier,Chloé Czans,5,"Fleurs de cerisier by, Chloé Czans"
Homestead,Chris Donner,9,"Homestead by, Chris Donner"
Arcticgrey,The Masked Pianoman,0,"Arcticgrey by, The Masked Pianoman"
Sunlight,Sanna Aalto,10,"Sunlight by, Sanna Aalto"
Verse and stanza,Aimon Cour,3,"Verse and stanza by, Aimon Cour"
Ingénue,Nino Carl,3,"Ingénue by, Nino Carl"
Sailing Away,Anthony Jacobus,2,"Sailing Away by, Anthony Jacobus"
Traumtänzer,Lisa Kriegler,2,"Traumtänzer by, Lisa Kriegler"
Oaks Bluffs,Elinaura,11,"Oaks Bluffs by, Elinaura"
Secret Language (Solo Piano Version),Sonny Santos,3,"Secret Language (Solo Piano Version) by, Sonny Santos"
With Ease,Loumi Des Moines,2,"With Ease by, Loumi Des Moines"
Emerald Enlightenment,Aramis Morel,3,"Emerald Enlightenment by, Aramis Morel"
River Running Free,Miriam Raye,7,"River Running Free by, Miriam Raye"
Stundom,Jacob David,3,"Stundom by, Jacob David"
Apelblom,Alfred Janders,3,"Apelblom by, Alfred Janders"
Thirst,Tales of Vibrations,5,"Thirst by, Tales of Vibrations"
nyvallen,Ove Roos,11,"nyvallen by, Ove Roos"
Place to Remember,Rich Mortimer,8,"Place to Remember by, Rich Mortimer"
Når du er nær,Leah Dreyer,9,"Når du er nær by, Leah Dreyer"
Corrente,Scott Laudier,4,"Corrente by, Scott Laudier"
Up toward the sky,Thomas Preber,3,"Up toward the sky by, Thomas Preber"
Fare la limonata,Anastasio Confortola,21,"Fare la limonata by, Anastasio Confortola"
Waltz For Nala,Igulfrid,5,"Waltz For Nala by, Igulfrid"
Rondel,Lydia Webber,1,"Rondel by, Lydia Webber"
De seu,Mirta da Silva,3,"De seu by, Mirta da Silva"
Interstellar Seasons,Thalia Havenstein,5,"Interstellar Seasons by, Thalia Havenstein"
Seeds Of Life,Aestivum,3,"Seeds Of Life by, Aestivum"
Days from Before,Niall Byrne,3,"Days from Before by, Niall Byrne"
Sunday Morning,Hope Denison,3,"Sunday Morning by, Hope Denison"
Kalopsia,Taganema,9,"Kalopsia by, Taganema"
Falke,Ludwig Bern,1,"Falke by, Ludwig Bern"
Progression,Victor Kovacs,20,"Progression by, Victor Kovacs"
Frühlingsbach,Pontiver Bogross,24,"Frühlingsbach by, Pontiver Bogross"
Placid,Anoire,3,"Placid by, Anoire"
Pulse of living light,Ennis Elder,2,"Pulse of living light by, Ennis Elder"
Vicino a te,Maura Bellucci,9,"Vicino a te by, Maura Bellucci"
Tomorrow,HILLEVI,6,"Tomorrow by, HILLEVI"
Training Wheels,Arelius,5,"Training Wheels by, Arelius"
Sonata del Giardino,Domani Fendi,4,"Sonata del Giardino by, Domani Fendi"
The Belfry,Jessy Ribordy,6,"The Belfry by, Jessy Ribordy"
Lady Ground,Luna Bauer,9,"Lady Ground by, Luna Bauer"
Sun Crosses The Sky,Anon Berg,8,"Sun Crosses The Sky by, Anon Berg"
Pour toujours,Bernadette Boulet,6,"Pour toujours by, Bernadette Boulet"
Solace,Lucile Colbert,13,"Solace by, Lucile Colbert"
To Be Loved,Day Blue,4,"To Be Loved by, Day Blue"
Fristad,Domi Nova,21,"Fristad by, Domi Nova"
After The Rain,Dario Crisman,4,"After The Rain by, Dario Crisman"
Once Before,Franz Gordon,3,"Once Before by, Franz Gordon"
Onthou,Ever So Blue,5,"Onthou by, Ever So Blue"
Nordic Dream,Anders Linros,4,"Nordic Dream by, Anders Linros"
Presque l'amour,Roland Toubin,3,"Presque l'amour by, Roland Toubin"
Freedom,Ron Adelaar,6,"Freedom by, Ron Adelaar"
Spring,Anna Sofia Nord,3,"Spring by, Anna Sofia Nord"
Con Le Zampe,Pied-à-Terre,7,"Con Le Zampe by, Pied-à-Terre"
Blessed Days,Xie Qi,7,"Blessed Days by, Xie Qi"
Prozatím,Zuzana Kudová,7,"Prozatím by, Zuzana Kudová"
Prelude to Elegance,Paul Barber,2,"Prelude to Elegance by, Paul Barber"
My Adored,Otis Son,2,"My Adored by, Otis Son"
Secret Admirer,Carl Easterling,7,"Secret Admirer by, Carl Easterling"
Australia,Aquilegia,2,"Australia by, Aquilegia"
Butterflies,Colias Fieldii,3,"Butterflies by, Colias Fieldii"
Con el tiempo todo se consigue,Claribel Ramón,9,"Con el tiempo todo se consigue by, Claribel Ramón"
Creeks,Lilly Eaton,5,"Creeks by, Lilly Eaton"
Lucie,Wings for Louise,2,"Lucie by, Wings for Louise"
Island,Dean Caplan,7,"Island by, Dean Caplan"
Something Like Love,James Keer,4,"Something Like Love by, James Keer"
Brothers,Christian Janssen,3,"Brothers by, Christian Janssen"
Return of the swans,Genevieve Melton,21,"Return of the swans by, Genevieve Melton"
Sundara,Moldoveanu,2,"Sundara by, Moldoveanu"
Vivendi,Alfred Mizzi,11,"Vivendi by, Alfred Mizzi"
Yamasá,Teide,7,"Yamasá by, Teide"
Dordogne Peace,Magnus Ludvigsson,18,"Dordogne Peace by, Magnus Ludvigsson"
Yellow Man,Ramin Kuliev,1,"Yellow Man by, Ramin Kuliev"
The River,Genevieve Melton,7,"The River by, Genevieve Melton"
Storytelling,Albin Svensson,4,"Storytelling by, Albin Svensson"
"Looking Forward, Looking Backward",Robin Bennich,9,"Looking Forward, Looking Backward by, Robin Bennich"
Never Unsaid,Aleisha Millar,12,"Never Unsaid by, Aleisha Millar"
Equus,S.A. Karl,4,"Equus by, S.A. Karl"
schemering,Jaidy Thissen,10,"schemering by, Jaidy Thissen"
Nuove stelle,Carlo Boscoli,3,"Nuove stelle by, Carlo Boscoli"
Sous le Pluie,Agatha Messina,5,"Sous le Pluie by, Agatha Messina"
Free,Kristoffer Wallin,5,"Free by, Kristoffer Wallin"
I Dare Not Dream,Mírabilis,2,"I Dare Not Dream by, Mírabilis"
On a summer midnight,Qunfan Wen,4,"On a summer midnight by, Qunfan Wen"
Up and Away,Gina Ordonieva,7,"Up and Away by, Gina Ordonieva"
Shu's Sonata,Mayumi Sasaki,2,"Shu's Sonata by, Mayumi Sasaki"
In Good And Bad Times,Leon den Engelsen,3,"In Good And Bad Times by, Leon den Engelsen"
Empty Pews,John Thomas Remington,5,"Empty Pews by, John Thomas Remington"
Bubbles,Michel Jean,4,"Bubbles by, Michel Jean"
the time has come,Alfons Daiminger,1,"the time has come by, Alfons Daiminger"
"Night Bird, Night Song",Camilla Turgot,3,"Night Bird, Night Song by, Camilla Turgot"
dans mes rêves,Kjøpmann,4,"dans mes rêves by, Kjøpmann"
Gratitude,Eadgar Évariste,4,"Gratitude by, Eadgar Évariste"
Infinity clouds,Liu Ju,4,"Infinity clouds by, Liu Ju"
Kiriume,Arden Forest,11,"Kiriume by, Arden Forest"
Vejez,Miguel Pérez,17,"Vejez by, Miguel Pérez"
The Chapel,Edgar De Vries,3,"The Chapel by, Edgar De Vries"
Starlight Canyon,Lok Hanzo,3,"Starlight Canyon by, Lok Hanzo"
Trei,Hiroko Murakami,2,"Trei by, Hiroko Murakami"
Le Lac des Buttes,Nicolas Dupain-Aignon,5,"Le Lac des Buttes by, Nicolas Dupain-Aignon"
Introspective,Phlox Sage,2,"Introspective by, Phlox Sage"
Cascading Light,Winston Church,16,"Cascading Light by, Winston Church"
Hands and Feet,Samuel Félix,11,"Hands and Feet by, Samuel Félix"
Simpler Times,Christopher J. Richardson,4,"Simpler Times by, Christopher J. Richardson"
Stirling,Tuga Topić,8,"Stirling by, Tuga Topić"
Pour tous les cœurs du monde,Olivier Mournier,4,"Pour tous les cœurs du monde by, Olivier Mournier"
Entre les Lignes,Lou Maxence,2,"Entre les Lignes by, Lou Maxence"
A Thought Evoked,Chloé Czans,3,"A Thought Evoked by, Chloé Czans"
Calas de Roche,Paco Ruiz,4,"Calas de Roche by, Paco Ruiz"
Peace In Water,Carl Faber,12,"Peace In Water by, Carl Faber"
Roseraie,April Baxter,5,"Roseraie by, April Baxter"
Le Bonheur,Mauvais Roger,6,"Le Bonheur by, Mauvais Roger"
Ballerina,Anne Straub,5,"Ballerina by, Anne Straub"
Your Love,William Cas,5,"Your Love by, William Cas"
Felicity,Hugo Reilly,4,"Felicity by, Hugo Reilly"
Je rougis,Zdenek Lemelin,7,"Je rougis by, Zdenek Lemelin"
New Dimensions,Etne Skiöld,2,"New Dimensions by, Etne Skiöld"
Singing Bird,Wyatt Elil,5,"Singing Bird by, Wyatt Elil"
Parallel,Kendra Logozar,4,"Parallel by, Kendra Logozar"
Fleeting Glance,R Eugene,15,"Fleeting Glance by, R Eugene"
Plane Of Incidence,Signe Bratlie,30,"Plane Of Incidence by, Signe Bratlie"
Theme from Lazarus,Federico Montoya,7,"Theme from Lazarus by, Federico Montoya"
Soothing Voices,Portia Price,5,"Soothing Voices by, Portia Price"
Hand Woven Clouds,Polly Carter,1,"Hand Woven Clouds by, Polly Carter"
Le coeur du ciel,Mírabilis,11,"Le coeur du ciel by, Mírabilis"
Sonnenblume,Oscar Sergel,14,"Sonnenblume by, Oscar Sergel"
Perspectives,Gunnel Boek,11,"Perspectives by, Gunnel Boek"
Gullviva,Alfred Janders,3,"Gullviva by, Alfred Janders"
Eisriesenwelt,Maik Kuefer,16,"Eisriesenwelt by, Maik Kuefer"
On The Way Home,Dario Crisman,4,"On The Way Home by, Dario Crisman"
Valse,Egor Grushin,2,"Valse by, Egor Grushin"
Let It Be Us,Tjeerd Oosterhuis,7,"Let It Be Us by, Tjeerd Oosterhuis"
Op Reis (Traveling),Doeke,3,"Op Reis (Traveling) by, Doeke"
A Picture Of Her,Derick Carson,7,"A Picture Of Her by, Derick Carson"
Si proche,Zdenek Lemelin,7,"Si proche by, Zdenek Lemelin"
Page blanche,Leone Frederic,3,"Page blanche by, Leone Frederic"
Ti sto aspettando,Fioretta Rizzo,11,"Ti sto aspettando by, Fioretta Rizzo"
Ámbar,Dwight Rivera,2,"Ámbar by, Dwight Rivera"
Sommer,Philipp Hasse,25,"Sommer by, Philipp Hasse"
Gentle Hands,Anne Straub,4,"Gentle Hands by, Anne Straub"
Charlie's Dream,Alexander Motovilov,7,"Charlie's Dream by, Alexander Motovilov"
Love Letter,Damien Jeunet,6,"Love Letter by, Damien Jeunet"
Little Bird,Richard Sauzal,2,"Little Bird by, Richard Sauzal"
Water Lilies,John Vegard Schow,4,"Water Lilies by, John Vegard Schow"
Simply Love,Højsgaard,5,"Simply Love by, Højsgaard"
Allegrini,Valentina Barbarella,5,"Allegrini by, Valentina Barbarella"
La creacion,Juergen Steltzer,4,"La creacion by, Juergen Steltzer"
Liedchen,Christian Menke,4,"Liedchen by, Christian Menke"
When Twilight Ends,Leslie Miles,2,"When Twilight Ends by, Leslie Miles"
Mandeville,Moleno,4,"Mandeville by, Moleno"
Watching Juliette,Søme,6,"Watching Juliette by, Søme"
Girasole,Teide,6,"Girasole by, Teide"
Shimmer,Dylan John Sparkes,9,"Shimmer by, Dylan John Sparkes"
Lilt,Eugene Goh,13,"Lilt by, Eugene Goh"
Forever,Affinity88,3,"Forever by, Affinity88"
Toujours,Anne Vallayer,16,"Toujours by, Anne Vallayer"
Son De Pluie,Martin La Pelle,6,"Son De Pluie by, Martin La Pelle"
Notre terre,Mattéo Roussel,29,"Notre terre by, Mattéo Roussel"
Beneath the Surface,Manu Calhu,6,"Beneath the Surface by, Manu Calhu"
Blomstre,Catherine Peterson,3,"Blomstre by, Catherine Peterson"
Jeunesse du printemps,Alicia West,8,"Jeunesse du printemps by, Alicia West"
Klang,Gjermund,7,"Klang by, Gjermund"
"This day, a life",Thomas Perceval,5,"This day, a life by, Thomas Perceval"
Pray,Taichi Chishaki,6,"Pray by, Taichi Chishaki"
On My Way Home,Akira Kosemura,7,"On My Way Home by, Akira Kosemura"
Retreat,Justus Rümenapp,4,"Retreat by, Justus Rümenapp"
Alentejo,Dwight Rivera,4,"Alentejo by, Dwight Rivera"
"Du bist mîn, ich bin dîn",Garreth Broke,9,"Du bist mîn, ich bin dîn by, Garreth Broke"
Rêve Du Matin,Paul Herfort,23,"Rêve Du Matin by, Paul Herfort"
Memoirs,Affinity88,7,"Memoirs by, Affinity88"
in the rain,Zecil Malka,11,"in the rain by, Zecil Malka"
Un Voyage Á Paris,Cameron Segal,8,"Un Voyage Á Paris by, Cameron Segal"
Comme un tableau,Jean Willneuve,7,"Comme un tableau by, Jean Willneuve"
Lemons In London,Jesse Brown,9,"Lemons In London by, Jesse Brown"
Inner Peace,Lianne Steeman,2,"Inner Peace by, Lianne Steeman"
Brighter Days,Andrew Lodge,9,"Brighter Days by, Andrew Lodge"
Could It Be?,Winston Church,9,"Could It Be? by, Winston Church"
Mistral,DeLange,10,"Mistral by, DeLange"
Kleiner Schmetterling,David Fenger,11,"Kleiner Schmetterling by, David Fenger"
Bundle of Joy,Brother James,9,"Bundle of Joy by, Brother James"
Solarised,Biba Dupont,3,"Solarised by, Biba Dupont"
Blumenwiese,Paul Herfort,6,"Blumenwiese by, Paul Herfort"
Play,Noël,19,"Play by, Noël"
One Ordinary Day,Tim Firth,3,"One Ordinary Day by, Tim Firth"
Childhood Friends,Noël,20,"Childhood Friends by, Noël"
Stay Close,Larry McDavid,6,"Stay Close by, Larry McDavid"
Blue Dream (Softly),Fiona Joy Hawkins,3,"Blue Dream (Softly) by, Fiona Joy Hawkins"
Contemplate,Noël,7,"Contemplate by, Noël"
Floating Alone,Sylvio,11,"Floating Alone by, Sylvio"
Las Torres,Rafael Zoko,7,"Las Torres by, Rafael Zoko"
Speicherstadt,Stephan Neudorf,8,"Speicherstadt by, Stephan Neudorf"
Marlina,Amos Coelllo,2,"Marlina by, Amos Coelllo"
Chambers,Ali Toygar,3,"Chambers by, Ali Toygar"
Whimsical,Matt Stewart-Evans,5,"Whimsical by, Matt Stewart-Evans"
Sonder,Eugene Goh,10,"Sonder by, Eugene Goh"
I'm Good (Blue),David Guetta,97,"I'm Good (Blue) by, David Guetta"
I Ain't Worried,OneRepublic,80,"I Ain't Worried by, OneRepublic"
Rush,Troye Sivan,84,"Rush by, Troye Sivan"
Made You Look,Meghan Trainor,53,"Made You Look by, Meghan Trainor"
If We Ever Broke Up,Mae Stephens,73,"If We Ever Broke Up by, Mae Stephens"
Players,Coi Leray,52,"Players by, Coi Leray"
Rock My Body,R3HAB,82,"Rock My Body by, R3HAB"
Numb,Marshmello,77,"Numb by, Marshmello"
Sunshine,OneRepublic,88,"Sunshine by, OneRepublic"
Budapest,George Ezra,46,"Budapest by, George Ezra"
Whistle (feat. Calum Scott),Jax Jones,88,"Whistle (feat. Calum Scott) by, Jax Jones"
Padam Padam,Kylie Minogue,62,"Padam Padam by, Kylie Minogue"
Music For a Sushi Restaurant,Harry Styles,72,"Music For a Sushi Restaurant by, Harry Styles"
Castle on the Hill,Ed Sheeran,83,"Castle on the Hill by, Ed Sheeran"
Green Green Grass,George Ezra,74,"Green Green Grass by, George Ezra"
Crazy What Love Can Do,David Guetta,71,"Crazy What Love Can Do by, David Guetta"
Love Lost,Mac Miller,81,"Love Lost by, Mac Miller"
Heaven,Niall Horan,76,"Heaven by, Niall Horan"
About Damn Time,Lizzo,74,"About Damn Time by, Lizzo"
Where Did You Go? (feat. MNEK),Jax Jones,78,"Where Did You Go? (feat. MNEK) by, Jax Jones"
Queen of Kings,Alessandra,91,"Queen of Kings by, Alessandra"
Hold Me Closer,Elton John,75,"Hold Me Closer by, Elton John"
Better Days (NEIKED x Mae Muller x Polo G),NEIKED,67,"Better Days (NEIKED x Mae Muller x Polo G) by, NEIKED"
Remember,Becky Hill,86,"Remember by, Becky Hill"
Dancing In The Moonlight (feat. NEIMY),Jubël,62,"Dancing In The Moonlight (feat. NEIMY) by, Jubël"
Waffle House,Jonas Brothers,76,"Waffle House by, Jonas Brothers"
2 Be Loved (Am I Ready),Lizzo,77,"2 Be Loved (Am I Ready) by, Lizzo"
I'm Not Here To Make Friends,Sam Smith,90,"I'm Not Here To Make Friends by, Sam Smith"
AOK,Tai Verdes,63,"AOK by, Tai Verdes"
3 Nights,Dominic Fike,52,"3 Nights by, Dominic Fike"
Fancy Like,Walker Hayes,77,"Fancy Like by, Walker Hayes"
My Stupid Heart,Walk off the Earth,68,"My Stupid Heart by, Walk off the Earth"
Hot In It,Tiësto,84,"Hot In It by, Tiësto"
Magic In The Hamptons (feat. Lil Yachty),Social House,48,"Magic In The Hamptons (feat. Lil Yachty) by, Social House"
Alone (with Nicki Minaj),Kim Petras,51,"Alone (with Nicki Minaj) by, Kim Petras"
Run,OneRepublic,72,"Run by, OneRepublic"
Never Gonna Not Dance Again,P!nk,80,"Never Gonna Not Dance Again by, P!nk"
Sweetest Pie,Megan Thee Stallion,63,"Sweetest Pie by, Megan Thee Stallion"
Lottery (feat. LU KALA),Latto,87,"Lottery (feat. LU KALA) by, Latto"
Anyone For You (Tiger Lily),George Ezra,81,"Anyone For You (Tiger Lily) by, George Ezra"
Woke Up in Love,Kygo,59,"Woke Up in Love by, Kygo"
Cover Me In Sunshine,P!nk,59,"Cover Me In Sunshine by, P!nk"
Dancing Feet (feat. DNCE),Kygo,80,"Dancing Feet (feat. DNCE) by, Kygo"
Wellerman - Sea Shanty / 220 KID x Billen Ted Remix,Nathan Evans,89,"Wellerman - Sea Shanty / 220 KID x Billen Ted Remix by, Nathan Evans"
4runner,Brenn!,51,"4runner by, Brenn!"
Betty (Get Money),Yung Gravy,77,"Betty (Get Money) by, Yung Gravy"
Wonder,Shawn Mendes,64,"Wonder by, Shawn Mendes"
Eyes On You,Nicky Youre,79,"Eyes On You by, Nicky Youre"
Mariposa,Peach Tree Rascals,53,"Mariposa by, Peach Tree Rascals"
2step,Ed Sheeran,66,"2step by, Ed Sheeran"
people pleaser,Cat Burns,76,"people pleaser by, Cat Burns"
Love You For A Long Time,Maggie Rogers,67,"Love You For A Long Time by, Maggie Rogers"
Lil Bit,Nelly,69,"Lil Bit by, Nelly"
Rescue Me,OneRepublic,61,"Rescue Me by, OneRepublic"
Special (feat. SZA),Lizzo,72,"Special (feat. SZA) by, Lizzo"
Missing Piece,Vance Joy,88,"Missing Piece by, Vance Joy"
Down Under (feat. Colin Hay),Luude,86,"Down Under (feat. Colin Hay) by, Luude"
Fly Away,Tones And I,51,"Fly Away by, Tones And I"
Satellite,Khalid,73,"Satellite by, Khalid"
Rewrite The Stars (with James Arthur & Anne-Marie),James Arthur,74,"Rewrite The Stars (with James Arthur & Anne-Marie) by, James Arthur"
Drown (feat. Clinton Kane),Martin Garrix,74,"Drown (feat. Clinton Kane) by, Martin Garrix"
Shut Me Up,Nicky Youre,72,"Shut Me Up by, Nicky Youre"
C'est La Vie (with bbno$ & Rich Brian),Yung Gravy,78,"C'est La Vie (with bbno$ & Rich Brian) by, Yung Gravy"
Way Less Sad,AJR,55,"Way Less Sad by, AJR"
The Drum,Alan Walker,76,"The Drum by, Alan Walker"
I Feel Good,Pink Sweat$,75,"I Feel Good by, Pink Sweat$"
Remind Me,Tom Grennan,83,"Remind Me by, Tom Grennan"
Somebody To You,The Vamps,85,"Somebody To You by, The Vamps"
last day on earth,Tai Verdes,55,"last day on earth by, Tai Verdes"
Dandelion,Galantis,66,"Dandelion by, Galantis"
Destination,Crash Adams,83,"Destination by, Crash Adams"
90s Kids,Jax,66,"90s Kids by, Jax"
sun keeps on shining,almost monday,77,"sun keeps on shining by, almost monday"
I'm So Happy (with BENEE),Jeremy Zucker,43,"I'm So Happy (with BENEE) by, Jeremy Zucker"
Wave of You,Surfaces,66,"Wave of You by, Surfaces"
Cloudy Day,Tones And I,78,"Cloudy Day by, Tones And I"
The Good Part,AJR,48,"The Good Part by, AJR"
Fake A Smile,Alan Walker,55,"Fake A Smile by, Alan Walker"
Holiday,KSI,68,"Holiday by, KSI"
SAD B!TCH,Anne-Marie,69,"SAD B!TCH by, Anne-Marie"
You (with Marshmello & Vance Joy),benny blanco,56,"You (with Marshmello & Vance Joy) by, benny blanco"
FREEDOM,Jon Batiste,65,"FREEDOM by, Jon Batiste"
Sheesh!,Surfaces,83,"Sheesh! by, Surfaces"
pogo,bbno$,97,"pogo by, bbno$"
3 outfits,Tai Verdes,88,"3 outfits by, Tai Verdes"
Common (with Big Sean),Quinn XCII,56,"Common (with Big Sean) by, Quinn XCII"
Bones,Imagine Dragons,75,"Bones by, Imagine Dragons"
Enemy (with JID) - from the series Arcane League of Legends,Imagine Dragons,78,"Enemy (with JID) - from the series Arcane League of Legends by, Imagine Dragons"
Moth To A Flame (with The Weeknd),Swedish House Mafia,66,"Moth To A Flame (with The Weeknd) by, Swedish House Mafia"
Natural,Imagine Dragons,61,"Natural by, Imagine Dragons"
Unholy (feat. Kim Petras),Sam Smith,46,"Unholy (feat. Kim Petras) by, Sam Smith"
STAR WALKIN' (League of Legends Worlds Anthem),Lil Nas X,72,"STAR WALKIN' (League of Legends Worlds Anthem) by, Lil Nas X"
Acapulco,Jason Derulo,79,"Acapulco by, Jason Derulo"
Red Ruby Da Sleeze,Nicki Minaj,73,"Red Ruby Da Sleeze by, Nicki Minaj"
Lights - Sped Up Version,Ellie Goulding,84,"Lights - Sped Up Version by, Ellie Goulding"
Hero,Martin Garrix,70,"Hero by, Martin Garrix"
Frozen,Madonna,63,"Frozen by, Madonna"
High,The Chainsmokers,79,"High by, The Chainsmokers"
Run It (feat. Rick Ross & Rich Brian),DJ Snake,73,"Run It (feat. Rick Ross & Rich Brian) by, DJ Snake"
Saturday/Sunday,Jason Derulo,78,"Saturday/Sunday by, Jason Derulo"
Self Destruction Mode,The Chainsmokers,63,"Self Destruction Mode by, The Chainsmokers"
Shut Up,Alan Walker,61,"Shut Up by, Alan Walker"
One Of Us,Ava Max,84,"One Of Us by, Ava Max"
Ghost,Ava Max,93,"Ghost by, Ava Max"
Shockwave,Marshmello,88,"Shockwave by, Marshmello"
You Only Love Me,Rita Ora,74,"You Only Love Me by, Rita Ora"
WOW (feat. Sabrina Carpenter) - Remix,Zara Larsson,74,"WOW (feat. Sabrina Carpenter) - Remix by, Zara Larsson"
Tennis Court - Flume Remix,Lorde,58,"Tennis Court - Flume Remix by, Lorde"
Gimme (feat. Koffee & Jessie Reyez),Sam Smith,45,"Gimme (feat. Koffee & Jessie Reyez) by, Sam Smith"
Cold As Ice,Ava Max,77,"Cold As Ice by, Ava Max"
Numb - Alok Remix,Marshmello,97,"Numb - Alok Remix by, Marshmello"
Anti-Hero - ILLENIUM Remix,Taylor Swift,72,"Anti-Hero - ILLENIUM Remix by, Taylor Swift"
Run - Collins Remix,OneRepublic,75,"Run - Collins Remix by, OneRepublic"
Sunshine - MOTi Remix,OneRepublic,77,"Sunshine - MOTi Remix by, OneRepublic"
Satisfaction,David Guetta,94,"Satisfaction by, David Guetta"
I'm Good (Blue) - Oliver Heldens Remix,David Guetta,90,"I'm Good (Blue) - Oliver Heldens Remix by, David Guetta"
Bones - twocolors Remix,Imagine Dragons,76,"Bones - twocolors Remix by, Imagine Dragons"
"Genius (feat. Sia, Diplo, and Labrinth) - Lil Wayne Remix",Sia,76,"Genius (feat. Sia, Diplo, and Labrinth) - Lil Wayne Remix by, Sia"
Sweetest Pie - David Guetta Dance Remix,Megan Thee Stallion,80,"Sweetest Pie - David Guetta Dance Remix by, Megan Thee Stallion"
Everything But You (feat. A7S) - Luude Remix,Clean Bandit,79,"Everything But You (feat. A7S) - Luude Remix by, Clean Bandit"
End Of Time - Justin Caruso Remix,Zara Larsson,90,"End Of Time - Justin Caruso Remix by, Zara Larsson"
Big (feat. Gunna),Rita Ora,85,"Big (feat. Gunna) by, Rita Ora"
Unholy (feat. Kim Petras) - Disclosure Remix,Sam Smith,78,"Unholy (feat. Kim Petras) - Disclosure Remix by, Sam Smith"
I Been On - Homecoming Live,Beyoncé,68,"I Been On - Homecoming Live by, Beyoncé"
Easy Lover - Jax Jones Remix,Ellie Goulding,89,"Easy Lover - Jax Jones Remix by, Ellie Goulding"
Life Goes On - Alok Remix,Oliver Tree,78,"Life Goes On - Alok Remix by, Oliver Tree"
Million Dollar Baby - Nathan Dawe Remix,Ava Max,84,"Million Dollar Baby - Nathan Dawe Remix by, Ava Max"
Call on Me,Bebe Rexha,85,"Call on Me by, Bebe Rexha"
Crazy What Love Can Do (with Becky Hill) [Öwnboss Remix],David Guetta,70,"Crazy What Love Can Do (with Becky Hill) [Öwnboss Remix] by, David Guetta"
So Good - Jax Jones Remix,Halsey,83,"So Good - Jax Jones Remix by, Halsey"
Demons - TELYKast Remix,Imagine Dragons,73,"Demons - TELYKast Remix by, Imagine Dragons"
Unholy (feat. Kim Petras) - Nova Twins Remix,Sam Smith,90,"Unholy (feat. Kim Petras) - Nova Twins Remix by, Sam Smith"
I Know,Unclean,87,"I Know by, Unclean"
High - Don Diablo Remix,The Chainsmokers,90,"High - Don Diablo Remix by, The Chainsmokers"
Before You Go - Guitar Acoustic,Lewis Capaldi,45,"Before You Go - Guitar Acoustic by, Lewis Capaldi"
Mended,Vera Blue,54,"Mended by, Vera Blue"
I Never Told You,Colbie Caillat,63,"I Never Told You by, Colbie Caillat"
All We Do,Oh Wonder,28,"All We Do by, Oh Wonder"
Miserable Man,David Kushner,35,"Miserable Man by, David Kushner"
Romantic Homicide,d4vd,54,"Romantic Homicide by, d4vd"
Just A Dream,Nelly,83,"Just A Dream by, Nelly"
listen before i go,Billie Eilish,6,"listen before i go by, Billie Eilish"
Big Girls Don't Cry (Personal),Fergie,65,"Big Girls Don't Cry (Personal) by, Fergie"
This Town,Niall Horan,41,"This Town by, Niall Horan"
Control,Zoe Wees,47,"Control by, Zoe Wees"
Someone Else,Alexander Oscar,60,"Someone Else by, Alexander Oscar"
Hard to Sleep,Gracie Abrams,15,"Hard to Sleep by, Gracie Abrams"
Girls Like Us,Zoe Wees,65,"Girls Like Us by, Zoe Wees"
Ribs,Lorde,47,"Ribs by, Lorde"
Falling Up,Dean Lewis,76,"Falling Up by, Dean Lewis"
Summertime Sadness,Lana Del Rey,67,"Summertime Sadness by, Lana Del Rey"
Arcade,Duncan Laurence,35,"Arcade by, Duncan Laurence"
What A Time,Julia Michaels,47,"What A Time by, Julia Michaels"
Someone New,Eskobar,54,"Someone New by, Eskobar"
IDK You Yet,Alexander 23,31,"IDK You Yet by, Alexander 23"
Bruises,Lewis Capaldi,32,"Bruises by, Lewis Capaldi"
How Do I Say Goodbye,Dean Lewis,64,"How Do I Say Goodbye by, Dean Lewis"
Breathe Me,Sia,55,"Breathe Me by, Sia"
Flowers Need Rain - Acoustic,Preston Pablo,26,"Flowers Need Rain - Acoustic by, Preston Pablo"
It'll Be Okay,Shawn Mendes,26,"It'll Be Okay by, Shawn Mendes"
Run Away to Mars,TALK,38,"Run Away to Mars by, TALK"
Video Games,Lana Del Rey,26,"Video Games by, Lana Del Rey"
Diamonds - Live At Abbey Road Studios,Sam Smith,60,"Diamonds - Live At Abbey Road Studios by, Sam Smith"
Strong,Arkells,23,"Strong by, Arkells"
Writer In The Dark,Lorde,27,"Writer In The Dark by, Lorde"
Bored,Billie Eilish,32,"Bored by, Billie Eilish"
Beautiful Scars,Maximillian,46,"Beautiful Scars by, Maximillian"
"I miss you, I’m sorry",Gracie Abrams,45,"I miss you, I’m sorry by, Gracie Abrams"
Try,Colbie Caillat,39,"Try by, Colbie Caillat"
More Than Life,Whitley,44,"More Than Life by, Whitley"
The Hardest Part - Acoustic,Olivia Dean,20,"The Hardest Part - Acoustic by, Olivia Dean"
Half A Man,Dean Lewis,20,"Half A Man by, Dean Lewis"
Heather,Conan Gray,43,"Heather by, Conan Gray"
Leave Me,Jada,47,"Leave Me by, Jada"
happier,Olivia Rodrigo,44,"happier by, Olivia Rodrigo"
Kill Em With Kindness - Acoustic,Selena Gomez,21,"Kill Em With Kindness - Acoustic by, Selena Gomez"
Lose You To Love Me,Selena Gomez,34,"Lose You To Love Me by, Selena Gomez"
Scared To Live,The Weeknd,50,"Scared To Live by, The Weeknd"
the breakup.,MOODY,34,"the breakup. by, MOODY"
I Hate This Part,The Pussycat Dolls,63,"I Hate This Part by, The Pussycat Dolls"
drown,Elliot,28,"drown by, Elliot"
Hey There Delilah,Plain White T's,29,"Hey There Delilah by, Plain White T's"
Smile,Gregory Porter,20,"Smile by, Gregory Porter"
You and I,d4vd,94,"You and I by, d4vd"
Stone Cold,Demi Lovato,45,"Stone Cold by, Demi Lovato"
My Immortal,Evanescence,26,"My Immortal by, Evanescence"
Scars To Your Beautiful,Alessia Cara,74,"Scars To Your Beautiful by, Alessia Cara"
The Hardest Part,Olivia Dean,57,"The Hardest Part by, Olivia Dean"
Is It Just Me?,Emily Burns,34,"Is It Just Me? by, Emily Burns"
2 Much,Justin Bieber,44,"2 Much by, Justin Bieber"
Now That I Think About It,Alex Vargas,73,"Now That I Think About It by, Alex Vargas"
changes,XXXTENTACION,31,"changes by, XXXTENTACION"
Happy Ending,MIKA,47,"Happy Ending by, MIKA"
Sleep Well,d4vd,38,"Sleep Well by, d4vd"
Confessions,Jamie Fine,38,"Confessions by, Jamie Fine"
Remember - Acoustic,Becky Hill,38,"Remember - Acoustic by, Becky Hill"
Unsteady,X Ambassadors,83,"Unsteady by, X Ambassadors"
NUMB,XXXTENTACION,41,"NUMB by, XXXTENTACION"
Simple As This,Jake Bugg,60,"Simple As This by, Jake Bugg"
Anchor,Soran,67,"Anchor by, Soran"
As the World Caves In,Sarah Cothran,25,"As the World Caves In by, Sarah Cothran"
Still Alive,Maximillian,37,"Still Alive by, Maximillian"
London Is Lonely,Holly Humberstone,43,"London Is Lonely by, Holly Humberstone"
Seventeen Going Under,Sam Fender,87,"Seventeen Going Under by, Sam Fender"
Fingers Crossed,Lauren Spencer Smith,47,"Fingers Crossed by, Lauren Spencer Smith"
Ripples,Maximillian,35,"Ripples by, Maximillian"
I'll Be Waiting,Cian Ducrot,64,"I'll Be Waiting by, Cian Ducrot"
You Are The Reason,Calum Scott,24,"You Are The Reason by, Calum Scott"
The Mess I Made,Parachute,58,"The Mess I Made by, Parachute"
Walked Through Hell,Anson Seabra,40,"Walked Through Hell by, Anson Seabra"
In My Mind,Lyn Lapid,38,"In My Mind by, Lyn Lapid"
Apologize,OneRepublic,73,"Apologize by, OneRepublic"
Feels Like,Gracie Abrams,48,"Feels Like by, Gracie Abrams"
Anyway,Noah Kahan,16,"Anyway by, Noah Kahan"
what if i took it off for you?,Nemahsis,24,"what if i took it off for you? by, Nemahsis"
Impossible,Shontelle,59,"Impossible by, Shontelle"
Lonely,Justin Bieber,24,"Lonely by, Justin Bieber"
Mariners Apartment Complex,Lana Del Rey,29,"Mariners Apartment Complex by, Lana Del Rey"
if this is the last time,LANY,59,"if this is the last time by, LANY"
Broken,Jake Bugg,41,"Broken by, Jake Bugg"
could cry just thinkin about you - Full Version,Troye Sivan,32,"could cry just thinkin about you - Full Version by, Troye Sivan"
Remember - Acoustic / Sped Up,Becky Hill,51,"Remember - Acoustic / Sped Up by, Becky Hill"
everything i wanted - Prime Day Show x Billie Eilish,Billie Eilish,38,"everything i wanted - Prime Day Show x Billie Eilish by, Billie Eilish"
Unlearn,benny blanco,21,"Unlearn by, benny blanco"
TV,Billie Eilish,24,"TV by, Billie Eilish"
emails i can’t send,Sabrina Carpenter,39,"emails i can’t send by, Sabrina Carpenter"
Me And My Broken Heart,Rixton,81,"Me And My Broken Heart by, Rixton"
Somewhere Only We Know,Keane,66,"Somewhere Only We Know by, Keane"
Make It To Me,Sam Smith,38,"Make It To Me by, Sam Smith"
Teenage Tears,Arkells,35,"Teenage Tears by, Arkells"
"Read All About It, Pt. III",Emeli Sandé,52,"Read All About It, Pt. III by, Emeli Sandé"
Say You Love Me,Jessie Ware,46,"Say You Love Me by, Jessie Ware"
Make You Mine - Acoustic,PUBLIC,39,"Make You Mine - Acoustic by, PUBLIC"
All For You,Cian Ducrot,29,"All For You by, Cian Ducrot"
Haunted House,Holly Humberstone,27,"Haunted House by, Holly Humberstone"
Perfectly Wrong,Shawn Mendes,31,"Perfectly Wrong by, Shawn Mendes"
How Long Will I Love You,Ellie Goulding,32,"How Long Will I Love You by, Ellie Goulding"
I Lied,Lord Huron,27,"I Lied by, Lord Huron"
Oblivion,Bastille,32,"Oblivion by, Bastille"
People Watching,Conan Gray,59,"People Watching by, Conan Gray"
Family Line,Conan Gray,40,"Family Line by, Conan Gray"
Camden,Gracie Abrams,26,"Camden by, Gracie Abrams"
comethru,Jeremy Zucker,18,"comethru by, Jeremy Zucker"
Losing You,Aquilo,44,"Losing You by, Aquilo"
Hunger,Florence + The Machine,68,"Hunger by, Florence + The Machine"
Wolves,Azure Ryder,21,"Wolves by, Azure Ryder"
You Make It Real,James Morrison,57,"You Make It Real by, James Morrison"
Before You Go,Lewis Capaldi,57,"Before You Go by, Lewis Capaldi"
You & Jennifer,bülow,70,"You & Jennifer by, bülow"
I'm Not Calling You A Liar,Florence + The Machine,51,"I'm Not Calling You A Liar by, Florence + The Machine"
Hotel,Montell Fish,43,"Hotel by, Montell Fish"
Astronomy,Conan Gray,34,"Astronomy by, Conan Gray"
As It Was,Harry Styles,73,"As It Was by, Harry Styles"
Me Porto Bonito,Bad Bunny,71,"Me Porto Bonito by, Bad Bunny"
Something in the Orange,Zach Bryan,19,"Something in the Orange by, Zach Bryan"
Jimmy Cooks (feat. 21 Savage),Drake,67,"Jimmy Cooks (feat. 21 Savage) by, Drake"
Ojitos Lindos,Bad Bunny,69,"Ojitos Lindos by, Bad Bunny"
Tití Me Preguntó,Bad Bunny,72,"Tití Me Preguntó by, Bad Bunny"
Efecto,Bad Bunny,48,"Efecto by, Bad Bunny"
Wasted On You,Morgan Wallen,66,"Wasted On You by, Morgan Wallen"
Late Night Talking,Harry Styles,73,"Late Night Talking by, Harry Styles"
I Like You (A Happier Song) (with Doja Cat),Post Malone,67,"I Like You (A Happier Song) (with Doja Cat) by, Post Malone"
WAIT FOR U (feat. Drake & Tems),Future,64,"WAIT FOR U (feat. Drake & Tems) by, Future"
Sunroof,Nicky Youre,71,"Sunroof by, Nicky Youre"
Moscow Mule,Bad Bunny,67,"Moscow Mule by, Bad Bunny"
Glimpse of Us,Joji,32,"Glimpse of Us by, Joji"
abcdefu,GAYLE,54,"abcdefu by, GAYLE"
Levitating,Dua Lipa,88,"Levitating by, Dua Lipa"
Buy Dirt,Jordan Davis,56,"Buy Dirt by, Jordan Davis"
Knife Talk (with 21 Savage ft. Project Pat),Drake,42,"Knife Talk (with 21 Savage ft. Project Pat) by, Drake"
Rock and A Hard Place,Bailey Zimmerman,57,"Rock and A Hard Place by, Bailey Zimmerman"
You Should Probably Leave,Chris Stapleton,48,"You Should Probably Leave by, Chris Stapleton"
First Class,Jack Harlow,58,"First Class by, Jack Harlow"
Bad Habit,Steve Lacy,51,"Bad Habit by, Steve Lacy"
Boyfriend,Dove Cameron,61,"Boyfriend by, Dove Cameron"
Party,Bad Bunny,80,"Party by, Bad Bunny"
PUFFIN ON ZOOTIEZ,Future,66,"PUFFIN ON ZOOTIEZ by, Future"
Vegas (From the Original Motion Picture Soundtrack ELVIS),Doja Cat,60,"Vegas (From the Original Motion Picture Soundtrack ELVIS) by, Doja Cat"
Fall In Love,Bailey Zimmerman,64,"Fall In Love by, Bailey Zimmerman"
PROVENZA,KAROL G,52,"PROVENZA by, KAROL G"
Bam Bam (feat. Ed Sheeran),Camila Cabello,70,"Bam Bam (feat. Ed Sheeran) by, Camila Cabello"
Oh My God,Adele,73,"Oh My God by, Adele"
Después de la Playa,Bad Bunny,90,"Después de la Playa by, Bad Bunny"
Sand In My Boots,Morgan Wallen,54,"Sand In My Boots by, Morgan Wallen"
Get Into It (Yuh),Doja Cat,66,"Get Into It (Yuh) by, Doja Cat"
You Proof,Morgan Wallen,85,"You Proof by, Morgan Wallen"
The Kind of Love We Make,Luke Combs,75,"The Kind of Love We Make by, Luke Combs"
Super Freaky Girl,Nicki Minaj,89,"Super Freaky Girl by, Nicki Minaj"
MAMIII,Becky G,70,"MAMIII by, Becky G"
All Too Well (Taylor's Version),Taylor Swift,53,"All Too Well (Taylor's Version) by, Taylor Swift"
We Don't Talk About Bruno,Carolina Gaitán - La Gaita,45,"We Don't Talk About Bruno by, Carolina Gaitán - La Gaita"
One Right Now (with The Weeknd),Post Malone,78,"One Right Now (with The Weeknd) by, Post Malone"
pushin P (feat. Young Thug),Gunna,42,"pushin P (feat. Young Thug) by, Gunna"
Numb Little Bug,Em Beihold,53,"Numb Little Bug by, Em Beihold"
Surface Pressure,Jessica Darrow,58,"Surface Pressure by, Jessica Darrow"
Hrs & Hrs,Muni Long,55,"Hrs & Hrs by, Muni Long"
Super Gremlin,Kodak Black,41,"Super Gremlin by, Kodak Black"
Big Energy,Latto,81,"Big Energy by, Latto"
All I Want for Christmas Is You,Mariah Carey,63,"All I Want for Christmas Is You by, Mariah Carey"
5 Foot 9,Tyler Hubbard,80,"5 Foot 9 by, Tyler Hubbard"
Broadway Girls (feat. Morgan Wallen),Lil Durk,75,"Broadway Girls (feat. Morgan Wallen) by, Lil Durk"
she's all i wanna be,Tate McRae,64,"she's all i wanna be by, Tate McRae"
Flower Shops (feat. Morgan Wallen),ERNEST,46,"Flower Shops (feat. Morgan Wallen) by, ERNEST"
BREAK MY SOUL,Beyoncé,89,"BREAK MY SOUL by, Beyoncé"
I Hate U,SZA,39,"I Hate U by, SZA"
Take My Name,Parmalee,66,"Take My Name by, Parmalee"
What Happened To Virgil (feat. Gunna),Lil Durk,53,"What Happened To Virgil (feat. Gunna) by, Lil Durk"
TO THE MOON,JNR CHOI,65,"TO THE MOON by, JNR CHOI"
Til You Can't,Cody Johnson,81,"Til You Can't by, Cody Johnson"
In A Minute,Lil Baby,61,"In A Minute by, Lil Baby"
Like I Love Country Music,Kane Brown,82,"Like I Love Country Music by, Kane Brown"
Smokin Out The Window,Bruno Mars,62,"Smokin Out The Window by, Bruno Mars"
Rockin' Around The Christmas Tree,Brenda Lee,47,"Rockin' Around The Christmas Tree by, Brenda Lee"
Essence (feat. Justin Bieber & Tems),Wizkid,69,"Essence (feat. Justin Bieber & Tems) by, Wizkid"
Jingle Bell Rock,Bobby Helms,42,"Jingle Bell Rock by, Bobby Helms"
She Likes It (feat. Jake Scott),Russell Dickerson,33,"She Likes It (feat. Jake Scott) by, Russell Dickerson"
Trouble With A Heartbreak,Jason Aldean,80,"Trouble With A Heartbreak by, Jason Aldean"
One Mississippi,Kane Brown,85,"One Mississippi by, Kane Brown"
Last Night Lonely,Jon Pardi,82,"Last Night Lonely by, Jon Pardi"
Doin' This,Luke Combs,55,"Doin' This by, Luke Combs"
AA,Walker Hayes,75,"AA by, Walker Hayes"
Damn Strait,Scotty McCreery,64,"Damn Strait by, Scotty McCreery"
A Holly Jolly Christmas,Burl Ives,38,"A Holly Jolly Christmas by, Burl Ives"
Never Say Never (with Lainey Wilson),Cole Swindell,94,"Never Say Never (with Lainey Wilson) by, Cole Swindell"
Circles Around This Town,Maren Morris,81,"Circles Around This Town by, Maren Morris"
She Had Me At Heads Carolina,Cole Swindell,91,"She Had Me At Heads Carolina by, Cole Swindell"
Until I Found You (with Em Beihold) - Em Beihold Version,Stephen Sanchez,55,"Until I Found You (with Em Beihold) - Em Beihold Version by, Stephen Sanchez"
Nonsense,Sabrina Carpenter,70,"Nonsense by, Sabrina Carpenter"
SNAP,Rosa Linn,64,"SNAP by, Rosa Linn"
Sure Thing,Miguel,61,"Sure Thing by, Miguel"
Single Soon,Selena Gomez,57,"Single Soon by, Selena Gomez"
Where Are You Now,Lost Frequencies,64,"Where Are You Now by, Lost Frequencies"
RUNAWAY,OneRepublic,68,"RUNAWAY by, OneRepublic"
Unstoppable,Sia,78,"Unstoppable by, Sia"
Electric Love,BØRNS,80,"Electric Love by, BØRNS"
TRUSTFALL,P!nk,89,"TRUSTFALL by, P!nk"
Left and Right (Feat. Jung Kook of BTS),Charlie Puth,59,"Left and Right (Feat. Jung Kook of BTS) by, Charlie Puth"
Light Switch,Charlie Puth,63,"Light Switch by, Charlie Puth"
Celestial,Ed Sheeran,85,"Celestial by, Ed Sheeran"
Lil Boo Thang,Paul Russell,70,"Lil Boo Thang by, Paul Russell"
Someone To You,BANNERS,90,"Someone To You by, BANNERS"
When I’m Gone (with Katy Perry),Alesso,89,"When I’m Gone (with Katy Perry) by, Alesso"
Make You Mine,PUBLIC,80,"Make You Mine by, PUBLIC"
That’s Not How This Works (feat. Dan + Shay),Charlie Puth,58,"That’s Not How This Works (feat. Dan + Shay) by, Charlie Puth"
Coast (feat. Anderson .Paak),Hailee Steinfeld,88,"Coast (feat. Anderson .Paak) by, Hailee Steinfeld"
Victoria's Secret,Jax,56,"Victoria's Secret by, Jax"
Can I Get It,Adele,68,"Can I Get It by, Adele"
World's Smallest Violin,AJR,70,"World's Smallest Violin by, AJR"
NO BAD DAYS (feat. Collett),Macklemore,86,"NO BAD DAYS (feat. Collett) by, Macklemore"
You,Dan + Shay,57,"You by, Dan + Shay"
Clarity,Vance Joy,87,"Clarity by, Vance Joy"
favorite kind of high,Kelly Clarkson,80,"favorite kind of high by, Kelly Clarkson"
Wonder Woman,John Legend,48,"Wonder Woman by, John Legend"
CUFF IT,Beyoncé,73,"CUFF IT by, Beyoncé"
Little Bit of Love,Tom Grennan,71,"Little Bit of Love by, Tom Grennan"
Joy,Andy Grammer,79,"Joy by, Andy Grammer"
N95,Kendrick Lamar,67,"N95 by, Kendrick Lamar"
"Living Life, In The Night",Cheriimoya,50,"Living Life, In The Night by, Cheriimoya"
Ambition For Cash,Key Glock,73,"Ambition For Cash by, Key Glock"
YuNg BrAtZ,XXXTENTACION,70,"YuNg BrAtZ by, XXXTENTACION"
TOXIC,YOUNGX777,95,"TOXIC by, YOUNGX777"
vent,Baby Keem,38,"vent by, Baby Keem"
Adonis Interlude (The Montage) (with J. Cole),Dreamville,83,"Adonis Interlude (The Montage) (with J. Cole) by, Dreamville"
HEATSEEKER,$werve,84,"HEATSEEKER by, $werve"
LED,OmenXIII,66,"LED by, OmenXIII"
Gimme a Second,Saliva Grey,72,"Gimme a Second by, Saliva Grey"
Fighter,The Score,84,"Fighter by, The Score"
Royalty - Wiguez & Alltair Remix,Egzod,90,"Royalty - Wiguez & Alltair Remix by, Egzod"
GHOSTKILLA,1nonly,86,"GHOSTKILLA by, 1nonly"
LIGHTS OUT,Kxllswxtch,87,"LIGHTS OUT by, Kxllswxtch"
Dynasties & Dystopia (from the series Arcane League of Legends),Denzel Curry,83,"Dynasties & Dystopia (from the series Arcane League of Legends) by, Denzel Curry"
Advanced - Remix,callmestevieray,65,"Advanced - Remix by, callmestevieray"
JOKER,Dax,70,"JOKER by, Dax"
Euro$tep,West,58,"Euro$tep by, West"
Violin,Cookiee Kawaii,88,"Violin by, Cookiee Kawaii"
Cyberfreak,Khantrast,43,"Cyberfreak by, Khantrast"
The Call,League of Legends,54,"The Call by, League of Legends"
PUT YOU ON GAME,Russ,69,"PUT YOU ON GAME by, Russ"
Another Level,Oh The Larceny,78,"Another Level by, Oh The Larceny"
Satin Black,iamjakehill,68,"Satin Black by, iamjakehill"
Hasty,conscience,75,"Hasty by, conscience"
THE REV3NGE,Joey Bada$$,85,"THE REV3NGE by, Joey Bada$$"
RNA,Katori Walker,76,"RNA by, Katori Walker"
Go!,NEFFEX,88,"Go! by, NEFFEX"
MAMBO,DIRTYXAN,51,"MAMBO by, DIRTYXAN"
BLACK LAGOON,Kxllswxtch,55,"BLACK LAGOON by, Kxllswxtch"
Bunny Thot,Khantrast,85,"Bunny Thot by, Khantrast"
Coward,iamjakehill,54,"Coward by, iamjakehill"
D13.,Kill Dyll,92,"D13. by, Kill Dyll"
the motive,BTWRKS,82,"the motive by, BTWRKS"
HOW YOU DOIN?,DIRTYXAN,46,"HOW YOU DOIN? by, DIRTYXAN"
Ready or Not,Hulvey,66,"Ready or Not by, Hulvey"
I'm A Monster,Lucha,91,"I'm A Monster by, Lucha"
Back From the Dead,iamjakehill,79,"Back From the Dead by, iamjakehill"
Okay I'm Turnt - Remix,DJ Fronteo,55,"Okay I'm Turnt - Remix by, DJ Fronteo"
Carolina Reaper,Ryan Caraveo,77,"Carolina Reaper by, Ryan Caraveo"
Spirits Pt. 2,Party Favor,97,"Spirits Pt. 2 by, Party Favor"
ILLANOISE,NXTMIKE,56,"ILLANOISE by, NXTMIKE"
Baby Stop,Altajmusic,39,"Baby Stop by, Altajmusic"
Sarcophagus,do not resurrect,73,"Sarcophagus by, do not resurrect"
Get Me Hype (Intro),Lebra Jolie,66,"Get Me Hype (Intro) by, Lebra Jolie"
KNOCKED OUT,Canon,67,"KNOCKED OUT by, Canon"
Fall in Line,Yung Rare,83,"Fall in Line by, Yung Rare"
Ballin,Logic,87,"Ballin by, Logic"
